CNTYCODE,STATENAME,COUNTYNAME,CAPACITY
01001,ALABAMA,AUTAUGA,136.0
01003,ALABAMA,BALDWIN,830.0
01005,ALABAMA,BARBOUR,129.0
01007,ALABAMA,BIBB,82.0
01009,ALABAMA,BLOUNT,101.0
01011,ALABAMA,BULLOCK,28.0
01013,ALABAMA,BUTLER,92.0
01015,ALABAMA,CALHOUN,83.0
01017,ALABAMA,CHAMBERS,135.0
01019,ALABAMA,CHEROKEE,164.0
01021,ALABAMA,CHILTON,0.0
01023,ALABAMA,CHOCTAW,30.0
01025,ALABAMA,CLARKE,141.0
01027,ALABAMA,CLAY,148.0
01029,ALABAMA,CLEBURNE,90.0
01031,ALABAMA,COFFEE,126.0
01033,ALABAMA,COLBERT,108.0
01035,ALABAMA,CONECUH,210.0
01037,ALABAMA,COOSA,78.0
01039,ALABAMA,COVINGTON,16.0
01041,ALABAMA,CRENSHAW,60.0
01043,ALABAMA,CULLMAN,249.0
01045,ALABAMA,DALE,120.0
01047,ALABAMA,DALLAS,350.0
01049,ALABAMA,DE KALB,400.0
01051,ALABAMA,ELMORE,250.0
01053,ALABAMA,ESCAMBIA,194.0
01055,ALABAMA,ETOWAH,934.0
01057,ALABAMA,FAYETTE,68.0
01059,ALABAMA,FRANKLIN,234.0
01061,ALABAMA,GENEVA,94.0
01063,ALABAMA,GREENE,5.0
01065,ALABAMA,HALE,70.0
01067,ALABAMA,HENRY,0.0
01069,ALABAMA,HOUSTON,100.0
01071,ALABAMA,JACKSON,254.0
01073,ALABAMA,JEFFERSON,2320.0
01075,ALABAMA,LAMAR,84.0
01077,ALABAMA,LAUDERDALE,324.0
01079,ALABAMA,LAWRENCE,120.0
01081,ALABAMA,LEE,434.0
01083,ALABAMA,LIMESTONE,288.0
01085,ALABAMA,LOWNDES,50.0
01087,ALABAMA,MACON,84.0
01089,ALABAMA,MADISON,1220.0
01091,ALABAMA,MARENGO COUNTY,118.0
01093,ALABAMA,MARION,86.0
01095,ALABAMA,MARSHALL,92.0
01097,ALABAMA,MOBILE,1549.0
01099,ALABAMA,MONROE,203.0
01101,ALABAMA,MONTGOMERY,1562.0
01103,ALABAMA,MORGAN,638.0
01105,ALABAMA,PERRY,18.0
01107,ALABAMA,PICKENS,220.0
01109,ALABAMA,PIKE,92.0
01111,ALABAMA,RANDOLPH,134.0
01113,ALABAMA,RUSSELL,355.0
01115,ALABAMA,ST CLAIR,218.0
01117,ALABAMA,SHELBY,536.0
01119,ALABAMA,SUMTER,136.0
01121,ALABAMA,TALLADEGA,485.0
01123,ALABAMA,TALLAPOOSA,173.0
01125,ALABAMA,TUSCALOOSA,540.0
01127,ALABAMA,WALKER,21.0
01129,ALABAMA,WASHINGTON,0.0
01131,ALABAMA,WILCOX,0.0
01133,ALABAMA,WINSTON,96.0
02016,ALASKA,ALEUTIANS WEST,12.0
02060,ALASKA,BRISTOL BAY,4.0
02070,ALASKA,DILLINGHAM,8.0
02100,,Haines,6.0
02122,ALASKA,KENAI PENINSULA,21.0
02150,ALASKA,KODIAK ISLAND,24.0
02188,ALASKA,NORTHWEST ARCTIC,12.0
02198,ALASKA,PRINCE OF WALES-HYDER CENSUS AREA,19.0
02220,ALASKA,SITKA CITY AND BOROUGH,16.0
02261,ALASKA,VALDEZ-CORDOVA,20.0
02275,ALASKA,WRANGELL CITY AND BOROUGH,12.0
04001,ARIZONA,APACHE,152.0
04003,ARIZONA,COCHISE,160.0
04005,ARIZONA,COCONINO,596.0
04007,ARIZONA,GILA,249.0
04009,ARIZONA,GRAHAM,164.0
04011,ARIZONA,GREENLEE,34.0
04012,ARIZONA,LA PAZ,266.0
04013,ARIZONA,MARICOPA,9073.0
04015,ARIZONA,MOHAVE,722.0
04017,ARIZONA,NAVAJO,454.0
04019,ARIZONA,PIMA,2066.0
04021,ARIZONA,PINAL,1503.0
04023,ARIZONA,SANTA CRUZ,0.0
04025,ARIZONA,YAVAPAI,766.0
04027,ARIZONA,YUMA,756.0
05001,ARKANSAS,ARKANSAS,136.0
05003,ARKANSAS,ASHLEY,144.0
05005,ARKANSAS,BAXTER,102.0
05007,ARKANSAS,BENTON,576.0
05009,ARKANSAS,BOONE,103.0
05013,ARKANSAS,CALHOUN,30.0
05015,ARKANSAS,CARROLL,123.0
05017,ARKANSAS,CHICOT,22.0
05019,ARKANSAS,CLARK,50.0
05021,ARKANSAS,CLAY,76.0
05023,ARKANSAS,CLEBURNE,82.0
05025,ARKANSAS,CLEVELAND,10.0
05027,ARKANSAS,COLUMBIA,92.0
05029,ARKANSAS,CONWAY,53.0
05031,ARKANSAS,CRAIGHEAD,428.0
05033,ARKANSAS,CRAWFORD,88.0
05035,ARKANSAS,CRITTENDEN,0.0
05037,ARKANSAS,CROSS,70.0
05039,ARKANSAS,DALLAS,126.0
05041,ARKANSAS,DESHA,42.0
05043,ARKANSAS,DREW,43.0
05047,ARKANSAS,FRANKLIN,26.0
05049,ARKANSAS,FULTON,12.0
05051,ARKANSAS,GARLAND,88.0
05053,ARKANSAS,GRANT,96.0
05055,ARKANSAS,GREENE,110.0
05057,ARKANSAS,HEMPSTEAD,100.0
05059,ARKANSAS,HOT SPRING,0.0
05061,ARKANSAS,HOWARD,51.0
05063,ARKANSAS,INDEPENDENCE,0.0
05065,ARKANSAS,IZARD,39.0
05067,ARKANSAS,JACKSON,26.0
05069,ARKANSAS,JEFFERSON,0.0
05071,ARKANSAS,JOHNSON,0.0
05073,ARKANSAS,LAFAYETTE,52.0
05075,ARKANSAS,LAWRENCE,0.0
05077,ARKANSAS,LEE,22.0
05079,ARKANSAS,LINCOLN,0.0
05081,ARKANSAS,LITTLE RIVER,24.0
05083,ARKANSAS,LOGAN,0.0
05085,ARKANSAS,LONOKE,144.0
05087,ARKANSAS,MADISON,11.0
05089,ARKANSAS,MARION,19.0
05091,ARKANSAS,MILLER,341.0
05093,ARKANSAS,MISSISSIPPI,322.0
05095,ARKANSAS,MONROE,14.0
05097,ARKANSAS,MONTGOMERY,11.0
05099,ARKANSAS,NEVADA,10.0
05103,ARKANSAS,OUACHITA,200.0
05105,ARKANSAS,PERRY,28.0
05107,ARKANSAS,PHILLIPS,0.0
05109,ARKANSAS,PIKE,76.0
05111,ARKANSAS,POINSETT,136.0
05113,ARKANSAS,POLK,27.0
05115,ARKANSAS,POPE,173.0
05117,ARKANSAS,PRAIRIE,26.0
05119,,Pulaski,1210.0
05121,ARKANSAS,RANDOLPH,32.0
05123,ARKANSAS,ST FRANCIS,85.0
05125,ARKANSAS,SALINE,222.0
05127,ARKANSAS,SCOTT,70.0
05129,ARKANSAS,SEARCY,21.0
05131,ARKANSAS,SEBASTIAN,356.0
05133,ARKANSAS,SEVIER,74.0
05135,ARKANSAS,SHARP,28.0
05137,ARKANSAS,STONE,34.0
05139,ARKANSAS,UNION,0.0
05141,ARKANSAS,VAN BUREN,54.0
05143,ARKANSAS,WASHINGTON,746.0
05145,ARKANSAS,WHITE,330.0
05147,ARKANSAS,WOODRUFF,25.0
05149,ARKANSAS,YELL,26.0
06001,CALIFORNIA,ALAMEDA,4834.0
06005,CALIFORNIA,AMADOR,76.0
06007,CALIFORNIA,BUTTE,613.0
06009,CALIFORNIA,CALAVERAS,65.0
06011,CALIFORNIA,COLUSA,92.0
06013,CALIFORNIA,CONTRA COSTA,1979.0
06015,CALIFORNIA,DEL NORTE,120.0
06017,CALIFORNIA,EL DORADO,469.0
06019,CALIFORNIA,FRESNO,3291.0
06021,CALIFORNIA,GLENN,144.0
06023,CALIFORNIA,HUMBOLDT,411.0
06025,CALIFORNIA,IMPERIAL,612.0
06027,CALIFORNIA,INYO,96.0
06029,CALIFORNIA,KERN,2880.0
06031,CALIFORNIA,KINGS,576.0
06033,CALIFORNIA,LAKE,286.0
06035,CALIFORNIA,LASSEN,156.0
06037,CALIFORNIA,LOS ANGELES,23007.0
06039,CALIFORNIA,MADERA,0.0
06041,CALIFORNIA,MARIN,376.0
06043,CALIFORNIA,MARIPOSA,58.0
06045,CALIFORNIA,MENDOCINO,300.0
06047,CALIFORNIA,MERCED,753.0
06049,CALIFORNIA,MODOC,46.0
06051,CALIFORNIA,MONO,48.0
06053,CALIFORNIA,MONTEREY,849.0
06055,CALIFORNIA,NAPA,264.0
06057,CALIFORNIA,NEVADA,294.0
06059,CALIFORNIA,ORANGE,2636.0
06061,CALIFORNIA,PLACER,646.0
06063,CALIFORNIA,PLUMAS,67.0
06065,CALIFORNIA,RIVERSIDE,3623.0
06067,CALIFORNIA,SACRAMENTO,5045.0
06069,CALIFORNIA,SAN BENITO,142.0
06071,CALIFORNIA,SAN BERNARDINO,0.0
06073,CALIFORNIA,SAN DIEGO,5010.0
06075,CALIFORNIA,SAN FRANCISCO,1160.0
06077,CALIFORNIA,SAN JOAQUIN,1450.0
06079,CALIFORNIA,SAN LUIS OBISPO,589.0
06081,CALIFORNIA,SAN MATEO,1236.0
06083,CALIFORNIA,SANTA BARBARA,815.0
06085,CALIFORNIA,SANTA CLARA,3842.0
06087,CALIFORNIA,SANTA CRUZ,501.0
06089,CALIFORNIA,SHASTA,342.0
06091,CALIFORNIA,SIERRA,14.0
06093,CALIFORNIA,SISKIYOU,104.0
06095,CALIFORNIA,SOLANO,1081.0
06097,CALIFORNIA,SONOMA,1477.0
06099,CALIFORNIA,STANISLAUS,1314.0
06101,CALIFORNIA,SUTTER,352.0
06103,CALIFORNIA,TEHAMA,227.0
06105,CALIFORNIA,TRINITY,53.0
06107,CALIFORNIA,TULARE,1730.0
06109,CALIFORNIA,TUOLUMNE,148.0
06111,CALIFORNIA,VENTURA,1841.0
06113,CALIFORNIA,YOLO,392.0
06115,CALIFORNIA,YUBA,428.0
08001,COLORADO,ADAMS,1461.0
08003,COLORADO,ALAMOSA,85.0
08005,COLORADO,ARAPAHOE,1414.0
08007,COLORADO,ARCHULETA,32.0
08009,COLORADO,BACA,0.0
08011,COLORADO,BENT,51.0
08013,COLORADO,BOULDER,530.0
08014,COLORADO,BROOMFIELD,80.0
08015,COLORADO,CHAFFEE,105.0
08019,COLORADO,CLEAR CREEK,100.0
08021,COLORADO,CONEJOS,82.0
08023,COLORADO,COSTILLA,18.0
08025,COLORADO,CROWLEY,12.0
08027,COLORADO,CUSTER,16.0
08029,COLORADO,DELTA,77.0
08031,COLORADO,DENVER,2330.0
08035,COLORADO,DOUGLAS,464.0
08037,COLORADO,EAGLE,101.0
08039,COLORADO,ELBERT,45.0
08041,COLORADO,EL PASO,1972.0
08043,COLORADO,FREMONT,234.0
08045,COLORADO,GARFIELD,207.0
08047,COLORADO,GILPIN,75.0
08049,COLORADO,GRAND,50.0
08051,COLORADO,GUNNISON,72.0
08055,COLORADO,HUERFANO,31.0
08057,COLORADO,JACKSON,5.0
08059,COLORADO,JEFFERSON,1610.0
08063,COLORADO,KIT CARSON,52.0
08065,COLORADO,LAKE,10.0
08067,COLORADO,LA PLATA,293.0
08069,COLORADO,LARIMER,557.0
08071,COLORADO,LAS ANIMAS,105.0
08073,COLORADO,LINCOLN,40.0
08075,COLORADO,LOGAN,120.0
08077,COLORADO,MESA,663.0
08081,COLORADO,MOFFAT,92.0
08083,COLORADO,MONTEZUMA,0.0
08085,COLORADO,MONTROSE,126.0
08087,COLORADO,MORGAN,130.0
08089,COLORADO,OTERO,0.0
08093,,Park,250.0
08097,COLORADO,PITKIN,30.0
08099,COLORADO,PROWERS,62.0
08101,COLORADO,PUEBLO,0.0
08103,COLORADO,RIO BLANCO,18.0
08105,COLORADO,RIO GRANDE,49.0
08107,COLORADO,ROUTT,56.0
08109,COLORADO,SAGUACHE,21.0
08113,COLORADO,SAN MIGUEL,32.0
08115,COLORADO,SEDGWICK,6.0
08117,COLORADO,SUMMIT,95.0
08119,COLORADO,TELLER,104.0
08121,COLORADO,WASHINGTON,240.0
08123,COLORADO,WELD,979.0
08125,COLORADO,YUMA,42.0
11001,DISTRICT OF COLUMBIA,DISTRICT OF COLUMBIA,2956.0
12001,FLORIDA,ALACHUA,1208.0
12003,FLORIDA,BAKER,512.0
12005,FLORIDA,BAY,934.0
12007,FLORIDA,BRADFORD,161.0
12009,FLORIDA,BREVARD,0.0
12011,FLORIDA,BROWARD,5844.0
12013,FLORIDA,CALHOUN,66.0
12015,FLORIDA,CHARLOTTE,960.0
12017,,Citrus,760.0
12019,FLORIDA,CLAY,478.0
12021,FLORIDA,COLLIER,1112.0
12023,FLORIDA,COLUMBIA,151.0
12027,FLORIDA,DE SOTO,146.0
12029,FLORIDA,DIXIE,124.0
12031,FLORIDA,DUVAL,3137.0
12033,FLORIDA,ESCAMBIA,1913.0
12035,FLORIDA,FLAGLER,132.0
12037,FLORIDA,FRANKLIN,100.0
12039,FLORIDA,GADSDEN,0.0
12041,FLORIDA,GILCHRIST,44.0
12043,FLORIDA,GLADES,546.0
12045,FLORIDA,GULF,0.0
12047,FLORIDA,HAMILTON,116.0
12049,FLORIDA,HARDEE,199.0
12051,FLORIDA,HENDRY,283.0
12053,FLORIDA,HERNANDO,776.0
12055,FLORIDA,HIGHLANDS,504.0
12057,FLORIDA,HILLSBOROUGH,5343.0
12059,FLORIDA,HOLMES,83.0
12061,FLORIDA,INDIAN RIVER,714.0
12063,FLORIDA,JACKSON,327.0
12065,FLORIDA,JEFFERSON,116.0
12067,FLORIDA,LAFAYETTE,37.0
12069,FLORIDA,LAKE,910.0
12071,FLORIDA,LEE,2009.0
12073,FLORIDA,LEON,1276.0
12075,FLORIDA,LEVY,304.0
12077,FLORIDA,LIBERTY,70.0
12079,FLORIDA,MADISON,120.0
12081,FLORIDA,MANATEE,1840.0
12083,FLORIDA,MARION,1924.0
12085,FLORIDA,MARTIN,696.0
12086,FLORIDA,MIAMI-DADE,5608.0
12087,FLORIDA,MONROE,700.0
12089,FLORIDA,NASSAU,315.0
12091,FLORIDA,OKALOOSA,594.0
12093,FLORIDA,OKEECHOBEE,232.0
12095,FLORIDA,ORANGE,4721.0
12097,FLORIDA,OSCEOLA,0.0
12099,FLORIDA,PALM BEACH,3084.0
12101,FLORIDA,PASCO,1432.0
12103,FLORIDA,PINELLAS,3042.0
12105,FLORIDA,POLK,2576.0
12107,FLORIDA,PUTNAM,231.0
12109,FLORIDA,ST JOHNS,784.0
12111,FLORIDA,ST LUCIE,1370.0
12113,FLORIDA,SANTA ROSA,682.0
12115,FLORIDA,SARASOTA,1026.0
12117,FLORIDA,SEMINOLE,1396.0
12119,FLORIDA,SUMTER,521.0
12121,FLORIDA,SUWANNEE,235.0
12123,FLORIDA,TAYLOR,183.0
12125,FLORIDA,UNION,32.0
12127,FLORIDA,VOLUSIA,1393.0
12129,FLORIDA,WAKULLA,350.0
12131,FLORIDA,WALTON,524.0
12133,FLORIDA,WASHINGTON,206.0
13003,GEORGIA,ATKINSON,0.0
13005,GEORGIA,BACON,75.0
13009,GEORGIA,BALDWIN,338.0
13011,GEORGIA,BANKS,60.0
13013,GEORGIA,BARROW,387.0
13015,GEORGIA,BARTOW,1155.0
13017,GEORGIA,BEN HILL,0.0
13019,GEORGIA,BERRIEN,69.0
13021,GEORGIA,BIBB,966.0
13023,GEORGIA,BLECKLEY,70.0
13025,GEORGIA,BRANTLEY,124.0
13027,GEORGIA,BROOKS,83.0
13029,GEORGIA,BRYAN,68.0
13031,GEORGIA,BULLOCH,625.0
13033,GEORGIA,BURKE,136.0
13035,GEORGIA,BUTTS,215.0
13037,GEORGIA,CALHOUN,50.0
13039,GEORGIA,CAMDEN,122.0
13043,GEORGIA,CANDLER,72.0
13045,GEORGIA,CARROLL,861.0
13047,GEORGIA,CATOOSA,248.0
13051,GEORGIA,CHATHAM,2364.0
13055,GEORGIA,CHATTOOGA,48.0
13057,GEORGIA,CHEROKEE,512.0
13059,GEORGIA,CLARKE,655.0
13063,GEORGIA,CLAYTON,2350.0
13065,GEORGIA,CLINCH,27.0
13067,GEORGIA,COBB,3596.0
13069,GEORGIA,COFFEE,448.0
13071,GEORGIA,COLQUITT,200.0
13073,GEORGIA,COLUMBIA,360.0
13075,GEORGIA,COOK,130.0
13077,GEORGIA,COWETA,606.0
13079,GEORGIA,CRAWFORD,22.0
13081,GEORGIA,CRISP,225.0
13083,GEORGIA,DADE,96.0
13085,GEORGIA,DAWSON,192.0
13087,GEORGIA,DECATUR,459.0
13089,GEORGIA,DE KALB,3636.0
13091,GEORGIA,DODGE,0.0
13093,GEORGIA,DOOLY,158.0
13095,GEORGIA,DOUGHERTY,1230.0
13097,GEORGIA,DOUGLAS,1000.0
13099,GEORGIA,EARLY,70.0
13103,GEORGIA,EFFINGHAM,586.0
13105,GEORGIA,ELBERT,0.0
13107,GEORGIA,EMANUEL,0.0
13109,GEORGIA,EVANS,40.0
13111,GEORGIA,FANNIN,84.0
13113,GEORGIA,FAYETTE,404.0
13115,GEORGIA,FLOYD,548.0
13117,GEORGIA,FORSYTH,227.0
13119,GEORGIA,FRANKLIN,72.0
13121,GEORGIA,FULTON,1301.0
13123,GEORGIA,GILMER,143.0
13127,GEORGIA,GLYNN,344.0
13129,GEORGIA,GORDON,376.0
13131,GEORGIA,GRADY,0.0
13133,GEORGIA,GREENE,120.0
13135,GEORGIA,GWINNETT,4196.0
13137,GEORGIA,HABERSHAM,0.0
13139,GEORGIA,HALL,1268.0
13141,GEORGIA,HANCOCK,100.0
13143,GEORGIA,HARALSON,120.0
13145,GEORGIA,HARRIS,225.0
13147,GEORGIA,HART,55.0
13149,GEORGIA,HEARD,60.0
13151,GEORGIA,HENRY,908.0
13153,GEORGIA,HOUSTON,666.0
13155,GEORGIA,IRWIN,1201.0
13157,GEORGIA,JACKSON,614.0
13159,GEORGIA,JASPER,64.0
13161,GEORGIA,JEFF DAVIS,68.0
13163,GEORGIA,JEFFERSON,318.0
13165,GEORGIA,JENKINS,1268.0
13167,GEORGIA,JOHNSON,52.0
13169,GEORGIA,JONES,124.0
13171,GEORGIA,LAMAR,158.0
13175,GEORGIA,LAURENS,270.0
13177,GEORGIA,LEE,112.0
13179,GEORGIA,LIBERTY,299.0
13181,GEORGIA,LINCOLN,0.0
13185,GEORGIA,LOWNDES,910.0
13187,GEORGIA,LUMPKIN,200.0
13189,GEORGIA,MCDUFFIE,245.0
13191,GEORGIA,MCINTOSH,120.0
13193,GEORGIA,MACON,68.0
13195,GEORGIA,MADISON,64.0
13197,GEORGIA,MARION,30.0
13199,GEORGIA,MERIWETHER,131.0
13201,GEORGIA,MILLER,0.0
13205,GEORGIA,MITCHELL,459.0
13207,GEORGIA,MONROE,168.0
13211,GEORGIA,MORGAN,197.0
13213,GEORGIA,MURRAY,160.0
13215,GEORGIA,MUSCOGEE,1641.0
13217,GEORGIA,NEWTON,650.0
13219,GEORGIA,OCONEE,137.0
13223,GEORGIA,PAULDING,300.0
13225,GEORGIA,PEACH,200.0
13227,GEORGIA,PICKENS,144.0
13229,GEORGIA,PIERCE,72.0
13231,GEORGIA,PIKE,19.0
13233,GEORGIA,POLK,320.0
13235,GEORGIA,PULASKI,42.0
13237,GEORGIA,PUTNAM,120.0
13241,GEORGIA,RABUN,102.0
13243,GEORGIA,RANDOLPH,40.0
13245,GEORGIA,RICHMOND,1271.0
13247,GEORGIA,ROCKDALE,0.0
13249,GEORGIA,SCHLEY,0.0
13251,GEORGIA,SCREVEN,247.0
13253,GEORGIA,SEMINOLE,54.0
13255,GEORGIA,SPALDING,750.0
13257,GEORGIA,STEPHENS,192.0
13261,GEORGIA,SUMTER,609.0
13263,GEORGIA,TALBOT,0.0
13267,GEORGIA,TATTNALL,150.0
13269,GEORGIA,TAYLOR,63.0
13271,GEORGIA,TELFAIR,32.0
13273,GEORGIA,TERRELL,30.0
13275,GEORGIA,THOMAS,556.0
13277,GEORGIA,TIFT,260.0
13279,GEORGIA,TOOMBS,121.0
13281,GEORGIA,TOWNS,51.0
13283,GEORGIA,TREUTLEN,22.0
13285,GEORGIA,TROUP,972.0
13287,GEORGIA,TURNER,108.0
13291,GEORGIA,UNION,57.0
13293,GEORGIA,UPSON,213.0
13295,GEORGIA,WALKER,225.0
13297,GEORGIA,WALTON,466.0
13299,GEORGIA,WARE,511.0
13303,GEORGIA,WASHINGTON,70.0
13305,GEORGIA,WAYNE,170.0
13309,GEORGIA,WHEELER,0.0
13311,GEORGIA,WHITE,176.0
13313,GEORGIA,WHITFIELD,544.0
13315,GEORGIA,WILCOX,20.0
13317,GEORGIA,WILKES,80.0
13319,GEORGIA,WILKINSON,55.0
13321,GEORGIA,WORTH,44.0
16001,IDAHO,ADA,1149.0
16003,IDAHO,ADAMS,31.0
16005,IDAHO,BANNOCK,264.0
16009,IDAHO,BENEWAH,16.0
16011,IDAHO,BINGHAM,101.0
16013,IDAHO,BLAINE,88.0
16017,IDAHO,BONNER,124.0
16019,IDAHO,BONNEVILLE,525.0
16021,IDAHO,BOUNDARY,23.0
16023,IDAHO,BUTTE,8.0
16027,IDAHO,CANYON,477.0
16029,IDAHO,CARIBOU,49.0
16031,,Cassia,170.0
16033,IDAHO,CLARK,7.0
16035,IDAHO,CLEARWATER,31.0
16037,IDAHO,CUSTER,8.0
16039,IDAHO,ELMORE,110.0
16043,IDAHO,FREMONT,20.0
16045,IDAHO,GEM,52.0
16047,IDAHO,GOODING,21.0
16049,IDAHO,IDAHO,11.0
16051,IDAHO,JEFFERSON,134.0
16053,IDAHO,JEROME,34.0
16055,IDAHO,KOOTENAI,327.0
16057,IDAHO,LATAH,42.0
16059,IDAHO,LEMHI,19.0
16061,IDAHO,LEWIS,14.0
16065,IDAHO,MADISON,96.0
16069,IDAHO,NEZ PERCE,150.0
16073,IDAHO,OWYHEE,40.0
16075,IDAHO,PAYETTE,74.0
16077,IDAHO,POWER,25.0
16079,IDAHO,SHOSHONE,50.0
16083,IDAHO,TWIN FALLS,224.0
16085,IDAHO,VALLEY,65.0
16087,IDAHO,WASHINGTON,49.0
17001,ILLINOIS,ADAMS,120.0
17005,ILLINOIS,BOND,22.0
17007,ILLINOIS,BOONE,150.0
17011,ILLINOIS,BUREAU,36.0
17015,ILLINOIS,CARROLL,24.0
17019,ILLINOIS,CHAMPAIGN,295.0
17021,ILLINOIS,CHRISTIAN,56.0
17023,ILLINOIS,CLARK,50.0
17025,ILLINOIS,CLAY,18.0
17027,ILLINOIS,CLINTON,54.0
17029,ILLINOIS,COLES,160.0
17031,ILLINOIS,COOK,11295.0
17033,ILLINOIS,CRAWFORD,53.0
17035,ILLINOIS,CUMBERLAND,33.0
17037,ILLINOIS,DE KALB,89.0
17039,ILLINOIS,DE WITT,85.0
17041,ILLINOIS,DOUGLAS,38.0
17043,ILLINOIS,DU PAGE,1012.0
17045,ILLINOIS,EDGAR,37.0
17049,ILLINOIS,EFFINGHAM,60.0
17051,ILLINOIS,FAYETTE,70.0
17053,ILLINOIS,FORD,61.0
17055,ILLINOIS,FRANKLIN,100.0
17057,ILLINOIS,FULTON,80.0
17061,ILLINOIS,GREENE,11.0
17063,ILLINOIS,GRUNDY,68.0
17067,ILLINOIS,HANCOCK,43.0
17069,ILLINOIS,HARDIN,6.0
17071,ILLINOIS,HENDERSON,14.0
17073,ILLINOIS,HENRY,142.0
17075,ILLINOIS,IROQUOIS,30.0
17077,ILLINOIS,JACKSON,190.0
17079,ILLINOIS,JASPER,27.0
17081,ILLINOIS,JEFFERSON,250.0
17083,ILLINOIS,JERSEY,44.0
17085,ILLINOIS,JO DAVIESS,28.0
17089,ILLINOIS,KANE,640.0
17091,ILLINOIS,KANKAKEE,713.0
17093,ILLINOIS,KENDALL,203.0
17095,ILLINOIS,KNOX,128.0
17097,ILLINOIS,LAKE,740.0
17099,ILLINOIS,LA SALLE,306.0
17101,ILLINOIS,LAWRENCE,21.0
17103,ILLINOIS,LEE,66.0
17105,ILLINOIS,LIVINGSTON,179.0
17107,ILLINOIS,LOGAN,65.0
17109,ILLINOIS,MCDONOUGH,54.0
17111,ILLINOIS,MCHENRY,650.0
17113,ILLINOIS,MCLEAN,225.0
17115,ILLINOIS,MACON,388.0
17117,ILLINOIS,MACOUPIN,82.0
17119,ILLINOIS,MADISON,296.0
17121,ILLINOIS,MARION,123.0
17123,ILLINOIS,MARSHALL,16.0
17125,ILLINOIS,MASON,44.0
17127,ILLINOIS,MASSAC,42.0
17129,ILLINOIS,MENARD,27.0
17131,ILLINOIS,MERCER,102.0
17133,ILLINOIS,MONROE,0.0
17135,ILLINOIS,MONTGOMERY,42.0
17137,ILLINOIS,MORGAN,65.0
17139,ILLINOIS,MOULTRIE,48.0
17141,ILLINOIS,OGLE,110.0
17143,ILLINOIS,PEORIA,492.0
17145,ILLINOIS,PERRY,59.0
17147,ILLINOIS,PIATT,76.0
17149,ILLINOIS,PIKE,63.0
17153,ILLINOIS,PULASKI,222.0
17155,ILLINOIS,PUTNAM,5.0
17157,ILLINOIS,RANDOLPH,40.0
17159,ILLINOIS,RICHLAND,60.0
17161,ILLINOIS,ROCK ISLAND,327.0
17163,ILLINOIS,ST CLAIR,330.0
17165,ILLINOIS,SALINE,110.0
17167,ILLINOIS,SANGAMON,316.0
17169,ILLINOIS,SCHUYLER,15.0
17173,ILLINOIS,SHELBY,27.0
17175,ILLINOIS,STARK,14.0
17177,ILLINOIS,STEPHENSON,216.0
17179,ILLINOIS,TAZEWELL,216.0
17183,ILLINOIS,VERMILION,411.0
17185,ILLINOIS,WABASH,24.0
17187,ILLINOIS,WARREN,42.0
17189,ILLINOIS,WASHINGTON,26.0
17191,ILLINOIS,WAYNE,34.0
17193,ILLINOIS,WHITE,0.0
17195,ILLINOIS,WHITESIDE,126.0
17197,ILLINOIS,WILL,887.0
17199,ILLINOIS,WILLIAMSON,244.0
17201,ILLINOIS,WINNEBAGO,1318.0
17203,ILLINOIS,WOODFORD,86.0
18001,INDIANA,ADAMS,60.0
18003,INDIANA,ALLEN,741.0
18005,INDIANA,BARTHOLOMEW,336.0
18007,INDIANA,BENTON,47.0
18009,INDIANA,BLACKFORD,86.0
18011,INDIANA,BOONE,183.0
18013,INDIANA,BROWN,104.0
18015,INDIANA,CARROLL,35.0
18017,INDIANA,CASS,213.0
18019,INDIANA,CLARK,523.0
18021,INDIANA,CLAY,158.0
18023,INDIANA,CLINTON,222.0
18025,INDIANA,CRAWFORD,75.0
18027,INDIANA,DAVIESS,208.0
18029,INDIANA,DEARBORN,216.0
18031,INDIANA,DECATUR,66.0
18033,INDIANA,DE KALB,105.0
18035,INDIANA,DELAWARE,221.0
18037,INDIANA,DUBOIS,84.0
18039,INDIANA,ELKHART,995.0
18041,INDIANA,FAYETTE,114.0
18043,INDIANA,FLOYD,0.0
18045,INDIANA,FOUNTAIN,25.0
18047,INDIANA,FRANKLIN,75.0
18049,INDIANA,FULTON,76.0
18051,INDIANA,GIBSON,137.0
18053,INDIANA,GRANT,274.0
18055,INDIANA,GREENE,84.0
18057,INDIANA,HAMILTON,296.0
18059,INDIANA,HANCOCK,157.0
18061,INDIANA,HARRISON,175.0
18063,INDIANA,HENDRICKS,250.0
18065,INDIANA,HENRY,112.0
18067,INDIANA,HOWARD,0.0
18069,INDIANA,HUNTINGTON,95.0
18071,INDIANA,JACKSON,178.0
18073,INDIANA,JASPER,112.0
18075,INDIANA,JAY,142.0
18077,INDIANA,JEFFERSON,109.0
18079,INDIANA,JENNINGS,124.0
18081,INDIANA,JOHNSON,304.0
18083,INDIANA,KNOX,225.0
18085,INDIANA,KOSCIUSKO,302.0
18087,INDIANA,LA GRANGE,50.0
18089,INDIANA,LAKE,1050.0
18091,INDIANA,LA PORTE,368.0
18093,INDIANA,LAWRENCE,168.0
18095,INDIANA,MADISON,207.0
18097,INDIANA,MARION,2160.0
18099,INDIANA,MARSHALL,238.0
18101,INDIANA,MARTIN,65.0
18103,INDIANA,MIAMI,240.0
18105,INDIANA,MONROE,287.0
18107,INDIANA,MONTGOMERY,224.0
18109,INDIANA,MORGAN,441.0
18111,INDIANA,NEWTON,77.0
18113,INDIANA,NOBLE,265.0
18117,INDIANA,ORANGE,92.0
18119,INDIANA,OWEN,66.0
18121,INDIANA,PARKE,90.0
18123,INDIANA,PERRY,46.0
18125,INDIANA,PIKE,35.0
18127,INDIANA,PORTER,0.0
18129,INDIANA,POSEY,62.0
18131,INDIANA,PULASKI,128.0
18133,INDIANA,PUTNAM,155.0
18135,INDIANA,RANDOLPH,108.0
18137,INDIANA,RIPLEY,102.0
18139,INDIANA,RUSH,40.0
18141,INDIANA,ST JOSEPH,0.0
18143,INDIANA,SCOTT,65.0
18145,INDIANA,SHELBY,203.0
18147,INDIANA,SPENCER,72.0
18149,INDIANA,STARKE,68.0
18151,INDIANA,STEUBEN,153.0
18153,INDIANA,SULLIVAN,54.0
18155,INDIANA,SWITZERLAND,60.0
18157,INDIANA,TIPPECANOE,558.0
18159,INDIANA,TIPTON,27.0
18161,INDIANA,UNION,10.0
18163,INDIANA,VANDERBURGH,540.0
18165,INDIANA,VERMILLION,73.0
18167,INDIANA,VIGO,0.0
18169,INDIANA,WABASH,72.0
18171,INDIANA,WARREN,42.0
18173,INDIANA,WARRICK,120.0
18175,INDIANA,WASHINGTON,0.0
18177,INDIANA,WAYNE,416.0
18179,INDIANA,WELLS,94.0
18181,INDIANA,WHITE,165.0
18183,INDIANA,WHITLEY,104.0
19001,IOWA,ADAIR,14.0
19003,IOWA,ADAMS,22.0
19005,IOWA,ALLAMAKEE,14.0
19007,IOWA,APPANOOSE,12.0
19009,IOWA,AUDUBON,0.0
19011,IOWA,BENTON,35.0
19013,IOWA,BLACK HAWK,272.0
19015,IOWA,BOONE,0.0
19017,IOWA,BREMER,79.0
19019,IOWA,BUCHANAN,47.0
19021,IOWA,BUENA VISTA,65.0
19023,IOWA,BUTLER,12.0
19027,IOWA,CARROLL,14.0
19029,IOWA,CASS,24.0
19031,IOWA,CEDAR,53.0
19033,IOWA,CERRO GORDO,153.0
19035,IOWA,CHEROKEE,12.0
19037,IOWA,CHICKASAW,9.0
19039,IOWA,CLARKE,34.0
19041,IOWA,CLAY,28.0
19043,IOWA,CLAYTON,44.0
19045,IOWA,CLINTON,44.0
19047,IOWA,CRAWFORD,10.0
19049,IOWA,DALLAS,36.0
19051,IOWA,DAVIS,10.0
19053,IOWA,DECATUR,6.0
19055,IOWA,DELAWARE,8.0
19057,IOWA,DES MOINES,68.0
19059,IOWA,DICKINSON,24.0
19061,IOWA,DUBUQUE,212.0
19063,IOWA,EMMET,16.0
19065,IOWA,FAYETTE,44.0
19067,IOWA,FLOYD,17.0
19071,IOWA,FREMONT,9.0
19073,IOWA,GREENE,8.0
19075,IOWA,GRUNDY,17.0
19077,IOWA,GUTHRIE,10.0
19079,IOWA,HAMILTON,44.0
19081,IOWA,HANCOCK,15.0
19083,IOWA,HARDIN,90.0
19085,IOWA,HARRISON,24.0
19087,IOWA,HENRY,8.0
19089,IOWA,HOWARD,10.0
19091,IOWA,HUMBOLDT,14.0
19093,IOWA,IDA,11.0
19095,IOWA,IOWA,40.0
19097,IOWA,JACKSON,11.0
19099,IOWA,JASPER,119.0
19101,IOWA,JEFFERSON,32.0
19103,IOWA,JOHNSON,0.0
19105,IOWA,JONES,26.0
19107,IOWA,KEOKUK,11.0
19109,IOWA,KOSSUTH,41.0
19111,IOWA,LEE,109.0
19113,IOWA,LINN,401.0
19115,IOWA,LOUISA,41.0
19119,IOWA,LYON,27.0
19121,IOWA,MADISON,12.0
19123,IOWA,MAHASKA,51.0
19125,IOWA,MARION,50.0
19127,IOWA,MARSHALL,0.0
19129,IOWA,MILLS,13.0
19131,IOWA,MITCHELL,27.0
19133,IOWA,MONONA,12.0
19135,IOWA,MONROE,16.0
19137,IOWA,MONTGOMERY,33.0
19139,IOWA,MUSCATINE,255.0
19141,IOWA,O'BRIEN,42.0
19143,IOWA,OSCEOLA,13.0
19145,IOWA,PAGE,35.0
19147,IOWA,PALO ALTO,8.0
19149,IOWA,PLYMOUTH,50.0
19151,IOWA,POCAHONTAS,10.0
19153,IOWA,POLK,1220.0
19155,IOWA,POTTAWATTAMIE,288.0
19157,IOWA,POWESHIEK,50.0
19159,IOWA,RINGGOLD,24.0
19161,IOWA,SAC,18.0
19163,IOWA,SCOTT,363.0
19165,IOWA,SHELBY,14.0
19167,IOWA,SIOUX,67.0
19169,IOWA,STORY,122.0
19171,IOWA,TAMA,18.0
19173,IOWA,TAYLOR,10.0
19175,IOWA,UNION,11.0
19177,IOWA,VAN BUREN,11.0
19179,IOWA,WAPELLO,129.0
19181,IOWA,WARREN,20.0
19183,IOWA,WASHINGTON,86.0
19185,IOWA,WAYNE,30.0
19187,IOWA,WEBSTER,63.0
19189,IOWA,WINNEBAGO,9.0
19191,IOWA,WINNESHIEK,32.0
19193,IOWA,WOODBURY,234.0
19195,IOWA,WORTH,9.0
19197,IOWA,WRIGHT,28.0
20001,KANSAS,ALLEN,0.0
20003,KANSAS,ANDERSON,48.0
20005,KANSAS,ATCHISON,72.0
20007,KANSAS,BARBER,7.0
20009,KANSAS,BARTON,105.0
20011,KANSAS,BOURBON,27.0
20013,KANSAS,BROWN,50.0
20015,KANSAS,BUTLER,200.0
20017,KANSAS,CHASE,150.0
20019,KANSAS,CHAUTAUQUA,22.0
20021,KANSAS,CHEROKEE,106.0
20025,KANSAS,CLARK,8.0
20027,KANSAS,CLAY,23.0
20029,KANSAS,CLOUD,33.0
20031,KANSAS,COFFEY,28.0
20035,KANSAS,COWLEY,220.0
20037,KANSAS,CRAWFORD,102.0
20039,KANSAS,DECATUR,9.0
20041,KANSAS,DICKINSON,38.0
20043,KANSAS,DONIPHAN,44.0
20045,KANSAS,DOUGLAS,186.0
20047,KANSAS,EDWARDS,8.0
20049,KANSAS,ELK,10.0
20051,KANSAS,ELLIS,35.0
20053,KANSAS,ELLSWORTH,12.0
20055,KANSAS,FINNEY,220.0
20057,KANSAS,FORD,250.0
20059,KANSAS,FRANKLIN,54.0
20061,KANSAS,GEARY,160.0
20065,KANSAS,GRAHAM,14.0
20067,KANSAS,GRANT,45.0
20071,,Greeley,3.0
20073,KANSAS,GREENWOOD,0.0
20075,KANSAS,HAMILTON,16.0
20077,KANSAS,HARPER,26.0
20079,KANSAS,HARVEY,133.0
20081,KANSAS,HASKELL,8.0
20083,KANSAS,HODGEMAN,8.0
20085,KANSAS,JACKSON,108.0
20087,KANSAS,JEFFERSON,28.0
20089,KANSAS,JEWELL,4.0
20091,KANSAS,JOHNSON,1081.0
20093,KANSAS,KEARNY,20.0
20095,KANSAS,KINGMAN,13.0
20097,KANSAS,KIOWA,25.0
20099,KANSAS,LABETTE,84.0
20101,KANSAS,LANE,6.0
20103,KANSAS,LEAVENWORTH,1237.0
20105,KANSAS,LINCOLN,13.0
20107,KANSAS,LINN,18.0
20111,KANSAS,LYON,163.0
20113,KANSAS,MCPHERSON,54.0
20115,KANSAS,MARION,34.0
20117,KANSAS,MARSHALL,30.0
20119,KANSAS,MEADE,70.0
20121,KANSAS,MIAMI,22.0
20123,KANSAS,MITCHELL,42.0
20125,KANSAS,MONTGOMERY,164.0
20127,KANSAS,MORRIS,8.0
20129,KANSAS,MORTON,12.0
20131,KANSAS,NEMAHA,18.0
20133,KANSAS,NEOSHO,78.0
20135,KANSAS,NESS,6.0
20137,KANSAS,NORTON,8.0
20139,KANSAS,OSAGE,30.0
20141,KANSAS,OSBORNE,13.0
20143,KANSAS,OTTAWA,60.0
20145,KANSAS,PAWNEE,17.0
20147,KANSAS,PHILLIPS,10.0
20149,KANSAS,POTTAWATOMIE,68.0
20151,KANSAS,PRATT,30.0
20153,KANSAS,RAWLINS,11.0
20155,KANSAS,RENO,168.0
20157,KANSAS,REPUBLIC,18.0
20159,KANSAS,RICE,72.0
20161,KANSAS,RILEY,147.0
20163,KANSAS,ROOKS,13.0
20167,KANSAS,RUSSELL,21.0
20169,KANSAS,SALINE,192.0
20171,KANSAS,SCOTT,20.0
20173,KANSAS,SEDGWICK,1158.0
20175,KANSAS,SEWARD,135.0
20177,KANSAS,SHAWNEE,708.0
20179,KANSAS,SHERIDAN,6.0
20181,KANSAS,SHERMAN,29.0
20183,KANSAS,SMITH,12.0
20187,KANSAS,STANTON,40.0
20189,KANSAS,STEVENS,52.0
20191,KANSAS,SUMNER,185.0
20193,KANSAS,THOMAS,15.0
20195,KANSAS,TREGO,19.0
20197,KANSAS,WABAUNSEE,22.0
20199,KANSAS,WALLACE,3.0
20201,KANSAS,WASHINGTON,32.0
20205,KANSAS,WILSON,95.0
20207,KANSAS,WOODSON,10.0
20209,KANSAS,WYANDOTTE,352.0
21001,,Adair,82.0
21003,KENTUCKY,ALLEN,72.0
21007,KENTUCKY,BALLARD,78.0
21009,KENTUCKY,BARREN,187.0
21013,KENTUCKY,BELL,55.0
21015,KENTUCKY,BOONE,500.0
21017,,Bourbon,87.0
21019,KENTUCKY,BOYD,206.0
21021,KENTUCKY,BOYLE,297.0
21027,KENTUCKY,BRECKINRIDGE,196.0
21029,KENTUCKY,BULLITT,280.0
21031,KENTUCKY,BUTLER,36.0
21033,KENTUCKY,CALDWELL,0.0
21035,KENTUCKY,CALLOWAY,163.0
21037,KENTUCKY,CAMPBELL,549.0
21041,KENTUCKY,CARROLL,89.0
21043,KENTUCKY,CARTER,144.0
21045,KENTUCKY,CASEY,231.0
21047,KENTUCKY,CHRISTIAN,613.0
21049,KENTUCKY,CLARK,171.0
21051,KENTUCKY,CLAY,234.0
21053,KENTUCKY,CLINTON,18.0
21055,KENTUCKY,CRITTENDEN,133.0
21059,KENTUCKY,DAVIESS,699.0
21065,KENTUCKY,ESTILL,16.0
21067,KENTUCKY,FAYETTE,1280.0
21071,KENTUCKY,FLOYD,112.0
21073,KENTUCKY,FRANKLIN,305.0
21075,KENTUCKY,FULTON,0.0
21081,KENTUCKY,GRANT,0.0
21083,KENTUCKY,GRAVES,128.0
21085,KENTUCKY,GRAYSON,520.0
21089,KENTUCKY,GREENUP,98.0
21093,KENTUCKY,HARDIN,648.0
21095,KENTUCKY,HARLAN,227.0
21099,KENTUCKY,HART,168.0
21101,KENTUCKY,HENDERSON,543.0
21105,KENTUCKY,HICKMAN,80.0
21107,KENTUCKY,HOPKINS,0.0
21109,KENTUCKY,JACKSON,84.0
21111,KENTUCKY,JEFFERSON,1793.0
21113,KENTUCKY,JESSAMINE,138.0
21115,,Johnson,150.0
21117,KENTUCKY,KENTON,602.0
21123,KENTUCKY,LARUE,153.0
21125,KENTUCKY,LAUREL,301.0
21129,KENTUCKY,LEE,0.0
21131,KENTUCKY,LESLIE,0.0
21133,KENTUCKY,LETCHER,54.0
21135,KENTUCKY,LEWIS,72.0
21137,KENTUCKY,LINCOLN,75.0
21141,KENTUCKY,LOGAN,123.0
21145,KENTUCKY,MCCRACKEN,470.0
21151,KENTUCKY,MADISON,195.0
21155,KENTUCKY,MARION,297.0
21157,KENTUCKY,MARSHALL,196.0
21161,KENTUCKY,MASON,132.0
21163,KENTUCKY,MEADE,173.0
21171,KENTUCKY,MONROE,21.0
21173,KENTUCKY,MONTGOMERY,119.0
21177,KENTUCKY,MUHLENBERG,281.0
21179,KENTUCKY,NELSON,110.0
21183,KENTUCKY,OHIO,52.0
21185,KENTUCKY,OLDHAM,0.0
21193,KENTUCKY,PERRY,0.0
21195,KENTUCKY,PIKE,342.0
21197,KENTUCKY,POWELL,105.0
21199,KENTUCKY,PULASKI,206.0
21203,KENTUCKY,ROCKCASTLE,80.0
21205,KENTUCKY,ROWAN,78.0
21207,KENTUCKY,RUSSELL,82.0
21209,KENTUCKY,SCOTT,86.0
21211,KENTUCKY,SHELBY,0.0
21213,KENTUCKY,SIMPSON,232.0
21217,KENTUCKY,TAYLOR,204.0
21219,KENTUCKY,TODD,137.0
21225,KENTUCKY,UNION,45.0
21227,KENTUCKY,WARREN,562.0
21231,KENTUCKY,WAYNE,180.0
21233,KENTUCKY,WEBSTER,270.0
21235,KENTUCKY,WHITLEY,184.0
21239,KENTUCKY,WOODFORD,93.0
22001,LOUISIANA,ACADIA,14.0
22003,LOUISIANA,ALLEN,58.0
22005,LOUISIANA,ASCENSION,572.0
22007,LOUISIANA,ASSUMPTION,80.0
22009,LOUISIANA,AVOYELLES,1262.0
22011,LOUISIANA,BEAUREGARD,0.0
22013,LOUISIANA,BIENVILLE,53.0
22015,LOUISIANA,BOSSIER,1608.0
22017,LOUISIANA,CADDO,1990.0
22019,LOUISIANA,CALCASIEU,1416.0
22021,LOUISIANA,CALDWELL,45.0
22023,LOUISIANA,CAMERON,32.0
22025,LOUISIANA,CATAHOULA,862.0
22027,LOUISIANA,CLAIBORNE,590.0
22029,LOUISIANA,CONCORDIA,650.0
22031,LOUISIANA,DE SOTO,116.0
22033,LOUISIANA,EAST BATON ROUGE,1650.0
22035,LOUISIANA,EAST CARROLL,0.0
22037,LOUISIANA,EAST FELICIANA,0.0
22039,LOUISIANA,EVANGELINE,16.0
22041,LOUISIANA,FRANKLIN,834.0
22043,LOUISIANA,GRANT,106.0
22045,LOUISIANA,IBERIA,523.0
22047,LOUISIANA,IBERVILLE,95.0
22049,LOUISIANA,JACKSON,1252.0
22051,LOUISIANA,JEFFERSON,1110.0
22053,LOUISIANA,JEFFERSON DAVIS,110.0
22055,LOUISIANA,LAFAYETTE,954.0
22057,LOUISIANA,LAFOURCHE,0.0
22059,LOUISIANA,LA SALLE,29.0
22061,LOUISIANA,LINCOLN,200.0
22063,LOUISIANA,LIVINGSTON,673.0
22065,LOUISIANA,MADISON,36.0
22067,LOUISIANA,MOREHOUSE,458.0
22069,LOUISIANA,NATCHITOCHES,565.0
22071,LOUISIANA,ORLEANS,2567.0
22073,LOUISIANA,OUACHITA,2355.0
22077,LOUISIANA,POINTE COUPEE,209.0
22079,LOUISIANA,RAPIDES,0.0
22081,LOUISIANA,RED RIVER,76.0
22083,LOUISIANA,RICHLAND,782.0
22085,LOUISIANA,SABINE,163.0
22087,LOUISIANA,ST BERNARD,266.0
22089,LOUISIANA,ST CHARLES,628.0
22091,LOUISIANA,ST HELENA,56.0
22093,LOUISIANA,ST JAMES,124.0
22095,LOUISIANA,ST JOHN THE BAPTIST,348.0
22097,LOUISIANA,ST LANDRY,316.0
22099,LOUISIANA,ST MARTIN,177.0
22101,LOUISIANA,ST MARY,455.0
22103,LOUISIANA,ST TAMMANY,1112.0
22105,LOUISIANA,TANGIPAHOA,27.0
22107,LOUISIANA,TENSAS,0.0
22109,LOUISIANA,TERREBONNE,680.0
22111,LOUISIANA,UNION,330.0
22113,LOUISIANA,VERMILION,150.0
22115,LOUISIANA,VERNON,269.0
22117,LOUISIANA,WASHINGTON,212.0
22119,LOUISIANA,WEBSTER,444.0
22121,LOUISIANA,WEST BATON ROUGE,599.0
22123,LOUISIANA,WEST CARROLL,26.0
22125,LOUISIANA,WEST FELICIANA,39.0
22127,LOUISIANA,WINN,47.0
23001,MAINE,ANDROSCOGGIN COUNTY,160.0
23003,MAINE,AROOSTOOK,72.0
23005,MAINE,CUMBERLAND,0.0
23009,MAINE,HANCOCK,56.0
23011,MAINE,KENNEBEC,147.0
23013,MAINE,KNOX,80.0
23015,,Lincoln,180.0
23019,MAINE,PENOBSCOT,157.0
23021,MAINE,PISCATAQUIS,38.0
23025,MAINE,SOMERSET,234.0
23027,,Waldo,32.0
23029,MAINE,WASHINGTON,42.0
23031,MAINE,YORK,0.0
24001,MARYLAND,ALLEGANY,224.0
24003,MARYLAND,ANNE ARUNDEL,1415.0
24005,MARYLAND,BALTIMORE,1513.0
24009,MARYLAND,CALVERT,272.0
24011,MARYLAND,CAROLINE,142.0
24013,MARYLAND,CARROLL,185.0
24015,MARYLAND,CECIL,364.0
24017,MARYLAND,CHARLES,527.0
24019,MARYLAND,DORCHESTER,285.0
24021,MARYLAND,FREDERICK,533.0
24023,MARYLAND,GARRETT,64.0
24025,MARYLAND,HARFORD,828.0
24027,MARYLAND,HOWARD,477.0
24029,MARYLAND,KENT,66.0
24031,MARYLAND,MONTGOMERY,529.0
24033,MARYLAND,PRINCE GEORGE'S,1524.0
24035,MARYLAND,QUEEN ANNE'S,148.0
24037,MARYLAND,ST MARY'S,230.0
24039,MARYLAND,SOMERSET,120.0
24041,MARYLAND,TALBOT,145.0
24043,MARYLAND,WASHINGTON,458.0
24045,MARYLAND,WICOMICO,509.0
24047,MARYLAND,WORCESTER,616.0
24510,MARYLAND,BALTIMORE (CITY),4199.0
25001,MASSACHUSETTS,BARNSTABLE,0.0
25003,,Berkshire,535.0
25005,MASSACHUSETTS,BRISTOL,1612.0
25007,MASSACHUSETTS,DUKES,0.0
25009,,Essex,1704.0
25011,,Franklin,333.0
25013,,Hampden,1474.0
25015,,Hampshire,297.0
25017,,Middlesex,1010.0
25021,MASSACHUSETTS,NORFOLK,302.0
25023,MASSACHUSETTS,PLYMOUTH,1140.0
25025,MASSACHUSETTS,SUFFOLK,2743.0
25027,,Worcester,1197.0
26001,MICHIGAN,ALCONA,31.0
26003,MICHIGAN,ALGER,28.0
26005,MICHIGAN,ALLEGAN,173.0
26007,MICHIGAN,ALPENA,69.0
26009,MICHIGAN,ANTRIM,56.0
26011,MICHIGAN,ARENAC,46.0
26013,MICHIGAN,BARAGA,0.0
26015,MICHIGAN,BARRY,98.0
26017,MICHIGAN,BAY,249.0
26019,MICHIGAN,BENZIE,47.0
26021,MICHIGAN,BERRIEN,300.0
26023,MICHIGAN,BRANCH,142.0
26025,MICHIGAN,CALHOUN,654.0
26027,MICHIGAN,CASS,126.0
26029,MICHIGAN,CHARLEVOIX,70.0
26031,MICHIGAN,CHEBOYGAN,82.0
26033,MICHIGAN,CHIPPEWA,175.0
26035,MICHIGAN,CLARE,178.0
26037,MICHIGAN,CLINTON,236.0
26039,MICHIGAN,CRAWFORD,53.0
26041,MICHIGAN,DELTA,0.0
26043,MICHIGAN,DICKINSON,71.0
26045,MICHIGAN,EATON,374.0
26047,MICHIGAN,EMMET,103.0
26049,MICHIGAN,GENESEE,580.0
26051,MICHIGAN,GLADWIN,84.0
26053,MICHIGAN,GOGEBIC,32.0
26055,MICHIGAN,GRAND TRAVERSE,194.0
26057,MICHIGAN,GRATIOT,70.0
26059,MICHIGAN,HILLSDALE,67.0
26061,MICHIGAN,HOUGHTON,78.0
26063,MICHIGAN,HURON,68.0
26065,MICHIGAN,INGHAM,601.0
26067,MICHIGAN,IONIA,141.0
26069,MICHIGAN,IOSCO,63.0
26071,MICHIGAN,IRON,51.0
26073,MICHIGAN,ISABELLA,196.0
26075,MICHIGAN,JACKSON,443.0
26077,MICHIGAN,KALAMAZOO,482.0
26079,MICHIGAN,KALKASKA,62.0
26081,MICHIGAN,KENT,1471.0
26083,MICHIGAN,KEWEENAW,6.0
26085,MICHIGAN,LAKE,48.0
26087,MICHIGAN,LAPEER,123.0
26089,MICHIGAN,LEELANAU,72.0
26091,MICHIGAN,LENAWEE,287.0
26093,MICHIGAN,LIVINGSTON,254.0
26097,MICHIGAN,MACKINAC,28.0
26099,MICHIGAN,MACOMB,0.0
26101,MICHIGAN,MANISTEE,68.0
26103,MICHIGAN,MARQUETTE,160.0
26105,MICHIGAN,MASON,110.0
26107,MICHIGAN,MECOSTA,87.0
26109,MICHIGAN,MENOMINEE,51.0
26111,MICHIGAN,MIDLAND,274.0
26113,MICHIGAN,MISSAUKEE,34.0
26115,MICHIGAN,MONROE,363.0
26117,MICHIGAN,MONTCALM,205.0
26119,MICHIGAN,MONTMORENCY,40.0
26121,MICHIGAN,MUSKEGON,370.0
26123,MICHIGAN,NEWAYGO,276.0
26125,MICHIGAN,OAKLAND,1497.0
26127,MICHIGAN,OCEANA,67.0
26129,MICHIGAN,OGEMAW,124.0
26131,MICHIGAN,ONTONAGON,19.0
26133,MICHIGAN,OSCEOLA,77.0
26137,MICHIGAN,OTSEGO,0.0
26139,MICHIGAN,OTTAWA,462.0
26141,MICHIGAN,PRESQUE ISLE,23.0
26143,MICHIGAN,ROSCOMMON,96.0
26145,MICHIGAN,SAGINAW,513.0
26147,MICHIGAN,ST CLAIR,491.0
26149,MICHIGAN,ST JOSEPH,165.0
26151,MICHIGAN,SANILAC,124.0
26153,MICHIGAN,SCHOOLCRAFT,32.0
26155,MICHIGAN,SHIAWASSEE,165.0
26157,MICHIGAN,TUSCOLA,92.0
26159,MICHIGAN,VAN BUREN,158.0
26161,MICHIGAN,WASHTENAW,392.0
26163,MICHIGAN,WAYNE,2249.0
26165,MICHIGAN,WEXFORD,32.0
27001,MINNESOTA,AITKIN,89.0
27003,MINNESOTA,ANOKA,478.0
27005,MINNESOTA,BECKER,88.0
27007,MINNESOTA,BELTRAMI,166.0
27009,MINNESOTA,BENTON,102.0
27013,MINNESOTA,BLUE EARTH,131.0
27015,MINNESOTA,BROWN,56.0
27017,MINNESOTA,CARLTON,48.0
27019,MINNESOTA,CARVER,111.0
27021,MINNESOTA,CASS,48.0
27023,MINNESOTA,CHIPPEWA,17.0
27025,MINNESOTA,CHISAGO,67.0
27027,MINNESOTA,CLAY,60.0
27029,MINNESOTA,CLEARWATER,38.0
27031,MINNESOTA,COOK,15.0
27033,MINNESOTA,COTTONWOOD,21.0
27035,MINNESOTA,CROW WING,226.0
27037,MINNESOTA,DAKOTA,296.0
27041,MINNESOTA,DOUGLAS,133.0
27043,MINNESOTA,FARIBAULT,62.0
27045,MINNESOTA,FILLMORE,24.0
27047,MINNESOTA,FREEBORN,148.0
27049,MINNESOTA,GOODHUE,170.0
27053,MINNESOTA,HENNEPIN,1320.0
27055,MINNESOTA,HOUSTON,30.0
27057,MINNESOTA,HUBBARD,116.0
27059,MINNESOTA,ISANTI,112.0
27061,MINNESOTA,ITASCA,107.0
27063,MINNESOTA,JACKSON,18.0
27065,MINNESOTA,KANABEC,60.0
27067,MINNESOTA,KANDIYOHI,158.0
27069,MINNESOTA,KITTSON,6.0
27071,MINNESOTA,KOOCHICHING,30.0
27073,MINNESOTA,LAC QUI PARLE,6.0
27075,MINNESOTA,LAKE,27.0
27077,MINNESOTA,LAKE OF THE WOODS,11.0
27079,MINNESOTA,LE SUEUR,29.0
27081,MINNESOTA,LINCOLN,15.0
27083,MINNESOTA,LYON,75.0
27085,MINNESOTA,MCLEOD,35.0
27089,MINNESOTA,MARSHALL,15.0
27091,MINNESOTA,MARTIN,25.0
27093,MINNESOTA,MEEKER,69.0
27095,MINNESOTA,MILLE LACS,149.0
27097,MINNESOTA,MORRISON,156.0
27099,MINNESOTA,MOWER,128.0
27103,MINNESOTA,NICOLLET,34.0
27105,MINNESOTA,NOBLES,80.0
27109,MINNESOTA,OLMSTED,246.0
27111,MINNESOTA,OTTER TAIL,111.0
27113,MINNESOTA,PENNINGTON,76.0
27115,MINNESOTA,PINE,131.0
27117,MINNESOTA,PIPESTONE,19.0
27119,,Polk,350.0
27123,MINNESOTA,RAMSEY,1187.0
27127,MINNESOTA,REDWOOD,21.0
27129,MINNESOTA,RENVILLE,72.0
27131,MINNESOTA,RICE,71.0
27135,MINNESOTA,ROSEAU,52.0
27137,MINNESOTA,ST LOUIS,197.0
27139,MINNESOTA,SCOTT,204.0
27141,MINNESOTA,SHERBURNE,550.0
27143,MINNESOTA,SIBLEY,20.0
27145,MINNESOTA,STEARNS,167.0
27147,MINNESOTA,STEELE,138.0
27151,MINNESOTA,SWIFT,12.0
27153,MINNESOTA,TODD,52.0
27155,MINNESOTA,TRAVERSE,0.0
27157,MINNESOTA,WABASHA,43.0
27159,MINNESOTA,WADENA,27.0
27161,MINNESOTA,WASECA,26.0
27163,MINNESOTA,WASHINGTON,228.0
27165,MINNESOTA,WATONWAN,20.0
27167,MINNESOTA,WILKIN,21.0
27169,MINNESOTA,WINONA,83.0
27171,MINNESOTA,WRIGHT,176.0
27173,MINNESOTA,YELLOW MEDICINE,42.0
28001,MISSISSIPPI,ADAMS,200.0
28003,MISSISSIPPI,ALCORN,0.0
28005,MISSISSIPPI,AMITE,26.0
28007,MISSISSIPPI,ATTALA,24.0
28009,MISSISSIPPI,BENTON,28.0
28011,MISSISSIPPI,BOLIVAR,475.0
28013,MISSISSIPPI,CALHOUN,56.0
28015,,Carroll,360.0
28017,MISSISSIPPI,CHICKASAW,482.0
28019,MISSISSIPPI,CHOCTAW,36.0
28021,MISSISSIPPI,CLAIBORNE,0.0
28023,MISSISSIPPI,CLARKE,0.0
28025,MISSISSIPPI,CLAY,170.0
28027,MISSISSIPPI,COAHOMA,130.0
28029,MISSISSIPPI,COPIAH,0.0
28031,MISSISSIPPI,COVINGTON,20.0
28033,MISSISSIPPI,DE SOTO,395.0
28035,MISSISSIPPI,FORREST,0.0
28039,MISSISSIPPI,GEORGE,0.0
28041,MISSISSIPPI,GREENE,35.0
28043,,Grenada,0.0
28045,MISSISSIPPI,HANCOCK,303.0
28047,MISSISSIPPI,HARRISON,890.0
28049,MISSISSIPPI,HINDS,699.0
28051,,Holmes,380.0
28053,MISSISSIPPI,HUMPHREYS,19.0
28055,MISSISSIPPI,ISSAQUENA,396.0
28057,MISSISSIPPI,ITAWAMBA,36.0
28059,MISSISSIPPI,JACKSON,427.0
28061,MISSISSIPPI,JASPER,50.0
28063,MISSISSIPPI,JEFFERSON,364.0
28065,MISSISSIPPI,JEFFERSON DAVIS,39.0
28067,MISSISSIPPI,JONES,0.0
28069,,Kemper,493.0
28071,MISSISSIPPI,LAFAYETTE,201.0
28073,MISSISSIPPI,LAMAR,222.0
28075,MISSISSIPPI,LAUDERDALE,300.0
28077,MISSISSIPPI,LAWRENCE,50.0
28079,MISSISSIPPI,LEAKE,477.0
28081,MISSISSIPPI,LEE,0.0
28083,MISSISSIPPI,LEFLORE,224.0
28085,MISSISSIPPI,LINCOLN,122.0
28087,MISSISSIPPI,LOWNDES,188.0
28089,MISSISSIPPI,MADISON,534.0
28091,MISSISSIPPI,MARION,737.0
28093,MISSISSIPPI,MARSHALL,0.0
28095,MISSISSIPPI,MONROE,152.0
28099,MISSISSIPPI,NESHOBA,0.0
28101,MISSISSIPPI,NEWTON,66.0
28103,MISSISSIPPI,NOXUBEE,0.0
28105,MISSISSIPPI,OKTIBBEHA,96.0
28107,MISSISSIPPI,PANOLA,0.0
28109,MISSISSIPPI,PEARL RIVER,348.0
28111,MISSISSIPPI,PERRY,33.0
28113,MISSISSIPPI,PIKE,124.0
28115,MISSISSIPPI,PONTOTOC,70.0
28117,MISSISSIPPI,PRENTISS,96.0
28119,MISSISSIPPI,QUITMAN,35.0
28121,MISSISSIPPI,RANKIN,517.0
28123,MISSISSIPPI,SCOTT,165.0
28127,MISSISSIPPI,SIMPSON,88.0
28129,MISSISSIPPI,SMITH,38.0
28131,MISSISSIPPI,STONE,528.0
28133,MISSISSIPPI,SUNFLOWER,91.0
28135,,Tallahatchie,0.0
28137,MISSISSIPPI,TATE,193.0
28139,MISSISSIPPI,TIPPAH,48.0
28141,MISSISSIPPI,TISHOMINGO,150.0
28143,MISSISSIPPI,TUNICA,88.0
28145,MISSISSIPPI,UNION,87.0
28147,MISSISSIPPI,WALTHALL,19.0
28149,MISSISSIPPI,WARREN,130.0
28151,MISSISSIPPI,WASHINGTON,0.0
28153,MISSISSIPPI,WAYNE,126.0
28155,MISSISSIPPI,WEBSTER,28.0
28157,MISSISSIPPI,WILKINSON,18.0
28159,,Winston,370.0
28161,MISSISSIPPI,YALOBUSHA,24.0
28163,MISSISSIPPI,YAZOO,299.0
29001,MISSOURI,ADAIR,64.0
29003,MISSOURI,ANDREW,60.0
29005,MISSOURI,ATCHISON,10.0
29007,MISSOURI,AUDRAIN,103.0
29009,MISSOURI,BARRY,0.0
29011,MISSOURI,BARTON,27.0
29013,MISSOURI,BATES,106.0
29015,MISSOURI,BENTON,29.0
29017,MISSOURI,BOLLINGER,17.0
29019,MISSOURI,BOONE,210.0
29021,MISSOURI,BUCHANAN,224.0
29023,MISSOURI,BUTLER,0.0
29025,MISSOURI,CALDWELL,128.0
29027,MISSOURI,CALLAWAY,109.0
29029,MISSOURI,CAMDEN,110.0
29031,MISSOURI,CAPE GIRARDEAU,220.0
29037,MISSOURI,CASS,173.0
29039,MISSOURI,CEDAR,14.0
29041,MISSOURI,CHARITON,32.0
29043,MISSOURI,CHRISTIAN,174.0
29045,MISSOURI,CLARK,32.0
29047,MISSOURI,CLAY,372.0
29049,MISSOURI,CLINTON,32.0
29051,MISSOURI,COLE,200.0
29053,MISSOURI,COOPER,38.0
29055,MISSOURI,CRAWFORD,108.0
29057,MISSOURI,DADE,14.0
29059,MISSOURI,DALLAS,0.0
29061,,Daviess,260.0
29065,MISSOURI,DENT,21.0
29067,MISSOURI,DOUGLAS,26.0
29069,MISSOURI,DUNKLIN,173.0
29071,MISSOURI,FRANKLIN,125.0
29077,MISSOURI,GREENE,550.0
29079,MISSOURI,GRUNDY,30.0
29081,MISSOURI,HARRISON,38.0
29083,MISSOURI,HENRY,118.0
29085,MISSOURI,HICKORY,16.0
29087,MISSOURI,HOLT,16.0
29089,MISSOURI,HOWARD,24.0
29091,MISSOURI,HOWELL,68.0
29093,MISSOURI,IRON,19.0
29095,MISSOURI,JACKSON,888.0
29097,MISSOURI,JASPER,228.0
29099,MISSOURI,JEFFERSON,331.0
29101,MISSOURI,JOHNSON,240.0
29105,MISSOURI,LACLEDE,106.0
29107,MISSOURI,LAFAYETTE,125.0
29109,MISSOURI,LAWRENCE,60.0
29111,MISSOURI,LEWIS,18.0
29113,MISSOURI,LINCOLN,212.0
29119,MISSOURI,MCDONALD,32.0
29121,MISSOURI,MACON,28.0
29123,MISSOURI,MADISON,0.0
29125,MISSOURI,MARIES,0.0
29127,MISSOURI,MARION,98.0
29129,MISSOURI,MERCER,14.0
29131,MISSOURI,MILLER,112.0
29133,MISSOURI,MISSISSIPPI,103.0
29135,MISSOURI,MONITEAU,42.0
29137,MISSOURI,MONROE,15.0
29139,MISSOURI,MONTGOMERY,86.0
29141,MISSOURI,MORGAN,138.0
29143,MISSOURI,NEW MADRID,41.0
29145,MISSOURI,NEWTON,80.0
29147,MISSOURI,NODAWAY,40.0
29149,MISSOURI,OREGON,8.0
29151,MISSOURI,OSAGE,25.0
29153,MISSOURI,OZARK,24.0
29155,MISSOURI,PEMISCOT,124.0
29157,MISSOURI,PERRY,40.0
29159,MISSOURI,PETTIS,210.0
29161,MISSOURI,PHELPS,155.0
29163,MISSOURI,PIKE,50.0
29165,MISSOURI,PLATTE,153.0
29167,MISSOURI,POLK,37.0
29169,MISSOURI,PULASKI,26.0
29171,MISSOURI,PUTNAM,6.0
29175,MISSOURI,RANDOLPH,120.0
29177,MISSOURI,RAY,225.0
29179,MISSOURI,REYNOLDS,16.0
29181,MISSOURI,RIPLEY,20.0
29183,MISSOURI,ST CHARLES,592.0
29185,MISSOURI,ST CLAIR,139.0
29186,MISSOURI,ST GENEVIEVE,0.0
29187,MISSOURI,ST FRANCOIS,190.0
29189,MISSOURI,ST LOUIS,2165.0
29195,MISSOURI,SALINE,64.0
29197,MISSOURI,SCHUYLER,6.0
29199,MISSOURI,SCOTLAND,8.0
29201,MISSOURI,SCOTT,160.0
29203,MISSOURI,SHANNON,14.0
29205,MISSOURI,SHELBY,2.0
29207,MISSOURI,STODDARD,0.0
29209,MISSOURI,STONE,66.0
29211,MISSOURI,SULLIVAN,6.0
29213,MISSOURI,TANEY,264.0
29215,MISSOURI,TEXAS,72.0
29217,MISSOURI,VERNON,85.0
29219,MISSOURI,WARREN,106.0
29221,MISSOURI,WASHINGTON,28.0
29223,MISSOURI,WAYNE,40.0
29225,MISSOURI,WEBSTER,32.0
29229,MISSOURI,WRIGHT,26.0
29510,MISSOURI,ST LOUIS (CITY),1431.0
30001,MONTANA,BEAVERHEAD,8.0
30003,MONTANA,BIG HORN,35.0
30007,MONTANA,BROADWATER,47.0
30013,,Cascade,365.0
30015,MONTANA,CHOUTEAU,0.0
30021,MONTANA,DAWSON,172.0
30023,MONTANA,DEER LODGE,36.0
30025,MONTANA,FALLON,11.0
30027,MONTANA,FERGUS,0.0
30029,MONTANA,FLATHEAD,94.0
30031,MONTANA,GALLATIN,180.0
30035,MONTANA,GLACIER,25.0
30039,MONTANA,GRANITE,10.0
30041,MONTANA,HILL,79.0
30043,MONTANA,JEFFERSON,21.0
30047,MONTANA,LAKE,42.0
30049,MONTANA,LEWIS AND CLARK,80.0
30051,MONTANA,LIBERTY,8.0
30053,MONTANA,LINCOLN,25.0
30061,MONTANA,MINERAL,27.0
30063,MONTANA,MISSOULA,388.0
30065,MONTANA,MUSSELSHELL,12.0
30067,MONTANA,PARK,20.0
30071,MONTANA,PHILLIPS,7.0
30073,MONTANA,PONDERA,12.0
30075,MONTANA,POWDER RIVER,16.0
30077,MONTANA,POWELL,28.0
30081,MONTANA,RAVALLI,72.0
30083,MONTANA,RICHLAND,26.0
30085,MONTANA,ROOSEVELT,17.0
30087,MONTANA,ROSEBUD,28.0
30089,MONTANA,SANDERS,29.0
30091,MONTANA,SHERIDAN,12.0
30093,MONTANA,SILVER BOW,73.0
30101,MONTANA,TOOLE,669.0
30105,MONTANA,VALLEY,32.0
30107,MONTANA,WHEATLAND,6.0
30111,MONTANA,YELLOWSTONE,287.0
31001,NEBRASKA,ADAMS,40.0
31003,NEBRASKA,ANTELOPE,12.0
31011,NEBRASKA,BOONE,8.0
31013,NEBRASKA,BOX BUTTE,31.0
31017,NEBRASKA,BROWN,8.0
31019,NEBRASKA,BUFFALO,205.0
31023,NEBRASKA,BUTLER,28.0
31025,NEBRASKA,CASS,110.0
31027,NEBRASKA,CEDAR,21.0
31029,NEBRASKA,CHASE,6.0
31031,NEBRASKA,CHERRY,30.0
31033,NEBRASKA,CHEYENNE,20.0
31035,NEBRASKA,CLAY,12.0
31041,NEBRASKA,CUSTER,26.0
31043,NEBRASKA,DAKOTA,134.0
31045,NEBRASKA,DAWES,22.0
31047,NEBRASKA,DAWSON,126.0
31051,NEBRASKA,DIXON,12.0
31055,NEBRASKA,DOUGLAS,1453.0
31057,NEBRASKA,DUNDY,3.0
31059,NEBRASKA,FILLMORE,8.0
31061,NEBRASKA,FRANKLIN,8.0
31063,NEBRASKA,FRONTIER,8.0
31065,NEBRASKA,FURNAS,8.0
31067,NEBRASKA,GAGE,26.0
31069,NEBRASKA,GARDEN,0.0
31079,NEBRASKA,HALL,321.0
31081,NEBRASKA,HAMILTON,32.0
31083,NEBRASKA,HARLAN,4.0
31087,NEBRASKA,HITCHCOCK,8.0
31089,NEBRASKA,HOLT,22.0
31095,NEBRASKA,JEFFERSON,18.0
31097,NEBRASKA,JOHNSON,10.0
31099,NEBRASKA,KEARNEY,6.0
31101,NEBRASKA,KEITH,14.0
31105,NEBRASKA,KIMBALL,9.0
31107,NEBRASKA,KNOX,16.0
31109,NEBRASKA,LANCASTER,786.0
31111,NEBRASKA,LINCOLN,174.0
31119,NEBRASKA,MADISON,111.0
31121,NEBRASKA,MERRICK,18.0
31123,NEBRASKA,MORRILL,18.0
31127,NEBRASKA,NEMAHA,18.0
31131,NEBRASKA,OTOE,21.0
31137,NEBRASKA,PHELPS,51.0
31139,NEBRASKA,PIERCE,14.0
31141,NEBRASKA,PLATTE,144.0
31143,NEBRASKA,POLK,3.0
31147,NEBRASKA,RICHARDSON,0.0
31149,NEBRASKA,ROCK,6.0
31151,NEBRASKA,SALINE,93.0
31153,NEBRASKA,SARPY,148.0
31155,NEBRASKA,SAUNDERS,152.0
31157,NEBRASKA,SCOTTS BLUFF,192.0
31159,NEBRASKA,SEWARD,26.0
31161,NEBRASKA,SHERIDAN,24.0
31169,NEBRASKA,THAYER,8.0
31173,NEBRASKA,THURSTON,25.0
31175,NEBRASKA,VALLEY,10.0
31177,NEBRASKA,WASHINGTON,32.0
31181,NEBRASKA,WEBSTER,10.0
31185,NEBRASKA,YORK,34.0
32001,NEVADA,CHURCHILL,96.0
32003,NEVADA,CLARK,5490.0
32005,NEVADA,DOUGLAS,150.0
32007,NEVADA,ELKO,100.0
32009,NEVADA,ESMERALDA,20.0
32011,NEVADA,EUREKA,20.0
32013,NEVADA,HUMBOLDT,84.0
32015,NEVADA,LANDER,67.0
32017,NEVADA,LINCOLN,120.0
32019,NEVADA,LYON,185.0
32021,NEVADA,MINERAL,48.0
32023,NEVADA,NYE,272.0
32027,NEVADA,PERSHING,0.0
32029,NEVADA,STOREY,25.0
32031,NEVADA,WASHOE,1367.0
32033,NEVADA,WHITE PINE,40.0
32510,NEVADA,CARSON CITY (CITY),228.0
33001,NEW HAMPSHIRE,BELKNAP,109.0
33003,NEW HAMPSHIRE,CARROLL,131.0
33005,NEW HAMPSHIRE,CHESHIRE,199.0
33007,NEW HAMPSHIRE,COOS,59.0
33009,NEW HAMPSHIRE,GRAFTON,150.0
33011,NEW HAMPSHIRE,HILLSBOROUGH,736.0
33013,NEW HAMPSHIRE,MERRIMACK,236.0
33015,NEW HAMPSHIRE,ROCKINGHAM,405.0
33017,NEW HAMPSHIRE,STRAFFORD,499.0
33019,NEW HAMPSHIRE,SULLIVAN,168.0
34001,NEW JERSEY,ATLANTIC,920.0
34003,NEW JERSEY,BERGEN,1200.0
34005,NEW JERSEY,BURLINGTON,625.0
34007,NEW JERSEY,CAMDEN,1273.0
34009,NEW JERSEY,CAPE MAY,188.0
34011,NEW JERSEY,CUMBERLAND,550.0
34013,NEW JERSEY,ESSEX,2434.0
34015,NEW JERSEY,GLOUCESTER,0.0
34017,NEW JERSEY,HUDSON,2100.0
34019,NEW JERSEY,HUNTERDON,152.0
34021,NEW JERSEY,MERCER,872.0
34023,NEW JERSEY,MIDDLESEX,1436.0
34025,NEW JERSEY,MONMOUTH,1326.0
34027,NEW JERSEY,MORRIS,525.0
34029,NEW JERSEY,OCEAN,620.0
34031,NEW JERSEY,PASSAIC,1248.0
34033,NEW JERSEY,SALEM,446.0
34035,NEW JERSEY,SOMERSET,439.0
34037,NEW JERSEY,SUSSEX,188.0
34039,NEW JERSEY,UNION,888.0
34041,NEW JERSEY,WARREN,205.0
35001,NEW MEXICO,BERNALILLO,0.0
35003,NEW MEXICO,CATRON,12.0
35005,NEW MEXICO,CHAVES,267.0
35007,NEW MEXICO,COLFAX,52.0
35009,NEW MEXICO,CURRY,248.0
35011,NEW MEXICO,DE BACA,0.0
35013,NEW MEXICO,DONA ANA,797.0
35015,NEW MEXICO,EDDY,254.0
35017,NEW MEXICO,GRANT,110.0
35019,NEW MEXICO,GUADALUPE,18.0
35023,NEW MEXICO,HIDALGO,0.0
35025,NEW MEXICO,LEA,504.0
35027,,Lincoln,144.0
35028,NEW MEXICO,LOS ALAMOS,28.0
35029,NEW MEXICO,LUNA,385.0
35031,,McKinley,328.0
35035,NEW MEXICO,OTERO,208.0
35037,NEW MEXICO,QUAY,65.0
35039,NEW MEXICO,RIO ARRIBA,140.0
35041,NEW MEXICO,ROOSEVELT,145.0
35043,NEW MEXICO,SANDOVAL,386.0
35045,NEW MEXICO,SAN JUAN,1091.0
35047,NEW MEXICO,SAN MIGUEL,150.0
35049,NEW MEXICO,SANTA FE,662.0
35051,NEW MEXICO,SIERRA,52.0
35053,NEW MEXICO,SOCORRO,55.0
35055,NEW MEXICO,TAOS,84.0
35057,,Torrance,910.0
35059,NEW MEXICO,UNION,28.0
35061,NEW MEXICO,VALENCIA,188.0
36001,NEW YORK,ALBANY,1043.0
36003,NEW YORK,ALLEGANY,164.0
36007,NEW YORK,BROOME,536.0
36009,NEW YORK,CATTARAUGUS,150.0
36011,NEW YORK,CAYUGA,214.0
36013,NEW YORK,CHAUTAUQUA,301.0
36015,NEW YORK,CHEMUNG,0.0
36017,NEW YORK,CHENANGO,133.0
36019,NEW YORK,CLINTON,300.0
36021,NEW YORK,COLUMBIA,135.0
36023,NEW YORK,CORTLAND,73.0
36025,NEW YORK,DELAWARE,103.0
36027,NEW YORK,DUTCHESS,245.0
36029,NEW YORK,ERIE,0.0
36031,NEW YORK,ESSEX,120.0
36033,NEW YORK,FRANKLIN,126.0
36035,NEW YORK,FULTON,169.0
36037,NEW YORK,GENESEE,87.0
36039,NEW YORK,GREENE,46.0
36041,NEW YORK,HAMILTON,6.0
36043,NEW YORK,HERKIMER,41.0
36045,NEW YORK,JEFFERSON,160.0
36047,NEW YORK,KINGS,3108.0
36049,NEW YORK,LEWIS,42.0
36051,NEW YORK,LIVINGSTON,186.0
36053,NEW YORK,MADISON,120.0
36055,NEW YORK,MONROE,1655.0
36057,NEW YORK,MONTGOMERY,159.0
36059,NEW YORK,NASSAU,1563.0
36061,NEW YORK,NEW YORK,7791.0
36063,NEW YORK,NIAGARA,499.0
36065,NEW YORK,ONEIDA,600.0
36067,NEW YORK,ONONDAGA,1355.0
36069,NEW YORK,ONTARIO,282.0
36071,NEW YORK,ORANGE,778.0
36073,NEW YORK,ORLEANS,99.0
36075,NEW YORK,OSWEGO,159.0
36077,NEW YORK,OTSEGO,107.0
36079,NEW YORK,PUTNAM,128.0
36081,NEW YORK,QUEENS,7988.0
36083,NEW YORK,RENSSELAER,473.0
36087,NEW YORK,ROCKLAND,307.0
36089,NEW YORK,ST LAWRENCE,186.0
36091,NEW YORK,SARATOGA,243.0
36093,NEW YORK,SCHENECTADY,378.0
36097,NEW YORK,SCHUYLER,30.0
36099,NEW YORK,SENECA,116.0
36101,NEW YORK,STEUBEN,260.0
36103,NEW YORK,SUFFOLK,1776.0
36105,NEW YORK,SULLIVAN,185.0
36107,NEW YORK,TIOGA,104.0
36109,NEW YORK,TOMPKINS,77.0
36111,NEW YORK,ULSTER COUNTY,488.0
36113,NEW YORK,WARREN,186.0
36115,NEW YORK,WASHINGTON,183.0
36117,NEW YORK,WAYNE,190.0
36119,NEW YORK,WESTCHESTER,1821.0
36121,NEW YORK,WYOMING,76.0
36123,NEW YORK,YATES,65.0
37001,NORTH CAROLINA,ALAMANCE,476.0
37003,NORTH CAROLINA,ALEXANDER,152.0
37005,NORTH CAROLINA,ALLEGHANY,76.0
37007,NORTH CAROLINA,ANSON,59.0
37009,NORTH CAROLINA,ASHE,165.0
37011,NORTH CAROLINA,AVERY,59.0
37013,NORTH CAROLINA,BEAUFORT,85.0
37015,,Bertie,90.0
37017,NORTH CAROLINA,BLADEN,79.0
37019,NORTH CAROLINA,BRUNSWICK,444.0
37021,NORTH CAROLINA,BUNCOMBE,612.0
37023,,Burke,176.0
37025,NORTH CAROLINA,CABARRUS,665.0
37027,NORTH CAROLINA,CALDWELL,0.0
37031,NORTH CAROLINA,CARTERET,118.0
37033,NORTH CAROLINA,CASWELL,38.0
37035,NORTH CAROLINA,CATAWBA,268.0
37037,NORTH CAROLINA,CHATHAM,51.0
37039,NORTH CAROLINA,CHEROKEE,150.0
37041,NORTH CAROLINA,CHOWAN,23.0
37043,NORTH CAROLINA,CLAY,48.0
37045,NORTH CAROLINA,CLEVELAND,324.0
37047,NORTH CAROLINA,COLUMBUS,192.0
37049,NORTH CAROLINA,CRAVEN,292.0
37051,NORTH CAROLINA,CUMBERLAND,568.0
37053,NORTH CAROLINA,CURRITUCK,62.0
37055,NORTH CAROLINA,DARE,134.0
37057,NORTH CAROLINA,DAVIDSON,0.0
37059,NORTH CAROLINA,DAVIE,72.0
37061,NORTH CAROLINA,DUPLIN,98.0
37063,NORTH CAROLINA,DURHAM,736.0
37065,NORTH CAROLINA,EDGECOMBE,255.0
37067,NORTH CAROLINA,FORSYTH,1016.0
37069,NORTH CAROLINA,FRANKLIN,167.0
37071,NORTH CAROLINA,GASTON,584.0
37075,NORTH CAROLINA,GRAHAM,0.0
37077,NORTH CAROLINA,GRANVILLE,87.0
37079,NORTH CAROLINA,GREENE,96.0
37081,NORTH CAROLINA,GUILFORD,1038.0
37083,NORTH CAROLINA,HALIFAX,86.0
37085,NORTH CAROLINA,HARNETT,324.0
37087,NORTH CAROLINA,HAYWOOD,150.0
37089,NORTH CAROLINA,HENDERSON,231.0
37091,NORTH CAROLINA,HERTFORD,87.0
37093,NORTH CAROLINA,HOKE,200.0
37097,NORTH CAROLINA,IREDELL,277.0
37099,NORTH CAROLINA,JACKSON,67.0
37101,NORTH CAROLINA,JOHNSTON,191.0
37103,NORTH CAROLINA,JONES,21.0
37105,NORTH CAROLINA,LEE,126.0
37107,NORTH CAROLINA,LENOIR,285.0
37109,NORTH CAROLINA,LINCOLN,168.0
37111,NORTH CAROLINA,MCDOWELL,130.0
37113,NORTH CAROLINA,MACON,75.0
37115,NORTH CAROLINA,MADISON,76.0
37119,NORTH CAROLINA,MECKLENBURG,2775.0
37123,NORTH CAROLINA,MONTGOMERY,106.0
37125,NORTH CAROLINA,MOORE,110.0
37127,NORTH CAROLINA,NASH,0.0
37129,NORTH CAROLINA,NEW HANOVER,672.0
37131,NORTH CAROLINA,NORTHAMPTON,92.0
37133,NORTH CAROLINA,ONSLOW,528.0
37135,NORTH CAROLINA,ORANGE,129.0
37137,NORTH CAROLINA,PAMLICO,108.0
37139,,Pasquotank,248.0
37141,NORTH CAROLINA,PENDER,0.0
37145,NORTH CAROLINA,PERSON,136.0
37147,NORTH CAROLINA,PITT,506.0
37149,NORTH CAROLINA,POLK,25.0
37151,NORTH CAROLINA,RANDOLPH,212.0
37153,NORTH CAROLINA,RICHMOND,67.0
37155,NORTH CAROLINA,ROBESON,410.0
37157,NORTH CAROLINA,ROCKINGHAM,232.0
37159,NORTH CAROLINA,ROWAN,370.0
37161,NORTH CAROLINA,RUTHERFORD,208.0
37163,NORTH CAROLINA,SAMPSON,189.0
37165,NORTH CAROLINA,SCOTLAND,105.0
37167,NORTH CAROLINA,STANLY,120.0
37169,NORTH CAROLINA,STOKES,68.0
37171,NORTH CAROLINA,SURRY,131.0
37173,NORTH CAROLINA,SWAIN,110.0
37175,NORTH CAROLINA,TRANSYLVANIA,114.0
37179,NORTH CAROLINA,UNION,264.0
37181,NORTH CAROLINA,VANCE,150.0
37183,NORTH CAROLINA,WAKE,1568.0
37185,NORTH CAROLINA,WARREN,245.0
37187,NORTH CAROLINA,WASHINGTON,42.0
37189,NORTH CAROLINA,WATAUGA,106.0
37191,NORTH CAROLINA,WAYNE,200.0
37193,NORTH CAROLINA,WILKES,91.0
37195,NORTH CAROLINA,WILSON,295.0
37197,NORTH CAROLINA,YADKIN,29.0
37199,NORTH CAROLINA,YANCEY,43.0
38001,NORTH DAKOTA,ADAMS,7.0
38003,NORTH DAKOTA,BARNES,30.0
38009,NORTH DAKOTA,BOTTINEAU,9.0
38015,NORTH DAKOTA,BURLEIGH,138.0
38017,NORTH DAKOTA,CASS,0.0
38019,NORTH DAKOTA,CAVALIER,9.0
38035,NORTH DAKOTA,GRAND FORKS,224.0
38053,NORTH DAKOTA,MCKENZIE,9.0
38055,NORTH DAKOTA,MCLEAN,32.0
38057,NORTH DAKOTA,MERCER,24.0
38059,NORTH DAKOTA,MORTON,38.0
38061,NORTH DAKOTA,MOUNTRAIL,12.0
38067,NORTH DAKOTA,PEMBINA,18.0
38069,,Pierce,142.0
38071,,Ramsey,108.0
38077,NORTH DAKOTA,RICHLAND,33.0
38079,NORTH DAKOTA,ROLETTE,25.0
38089,,Stark,114.0
38093,NORTH DAKOTA,STUTSMAN,94.0
38097,NORTH DAKOTA,TRAILL,13.0
38099,NORTH DAKOTA,WALSH,21.0
38101,NORTH DAKOTA,WARD,104.0
38105,NORTH DAKOTA,WILLIAMS,132.0
39001,OHIO,ADAMS,38.0
39003,OHIO,ALLEN,204.0
39005,OHIO,ASHLAND,118.0
39007,OHIO,ASHTABULA,145.0
39009,,Athens,226.0
39011,OHIO,AUGLAIZE,72.0
39013,OHIO,BELMONT,144.0
39015,OHIO,BROWN,38.0
39017,OHIO,BUTLER,920.0
39019,OHIO,CARROLL,20.0
39021,,Champaign,161.0
39023,OHIO,CLARK,167.0
39025,OHIO,CLERMONT,320.0
39027,OHIO,CLINTON,88.0
39029,,Columbiana,192.0
39031,OHIO,COSHOCTON,16.0
39033,OHIO,CRAWFORD,121.0
39035,OHIO,CUYAHOGA,2281.0
39037,OHIO,DARKE,36.0
39041,OHIO,DELAWARE,296.0
39043,OHIO,ERIE,106.0
39045,OHIO,FAIRFIELD,130.0
39047,OHIO,FAYETTE,24.0
39049,OHIO,FRANKLIN,2529.0
39053,OHIO,GALLIA,21.0
39055,OHIO,GEAUGA,182.0
39057,OHIO,GREENE,382.0
39059,OHIO,GUERNSEY,66.0
39061,OHIO,HAMILTON,1676.0
39063,OHIO,HANCOCK,98.0
39067,OHIO,HARRISON,8.0
39071,OHIO,HIGHLAND,72.0
39075,OHIO,HOLMES,63.0
39077,OHIO,HURON,135.0
39079,OHIO,JACKSON,40.0
39081,OHIO,JEFFERSON,120.0
39083,OHIO,KNOX,100.0
39085,OHIO,LAKE,411.0
39087,OHIO,LAWRENCE,16.0
39089,OHIO,LICKING,329.0
39091,OHIO,LOGAN,140.0
39093,OHIO,LORAIN,422.0
39095,OHIO,LUCAS,383.0
39099,OHIO,MAHONING,683.0
39101,,Marion,182.0
39103,OHIO,MEDINA,256.0
39107,OHIO,MERCER,104.0
39109,OHIO,MIAMI,283.0
39111,OHIO,MONROE,4.0
39113,OHIO,MONTGOMERY,914.0
39117,OHIO,MORROW,126.0
39119,OHIO,MUSKINGUM,237.0
39121,OHIO,NOBLE,36.0
39123,OHIO,OTTAWA,96.0
39129,OHIO,PICKAWAY,110.0
39133,OHIO,PORTAGE,0.0
39135,OHIO,PREBLE,70.0
39137,OHIO,PUTNAM,76.0
39139,OHIO,RICHLAND,193.0
39141,OHIO,ROSS,112.0
39143,OHIO,SANDUSKY,88.0
39145,OHIO,SCIOTO,190.0
39147,OHIO,SENECA,168.0
39149,OHIO,SHELBY,188.0
39151,OHIO,STARK,450.0
39153,OHIO,SUMMIT,807.0
39155,OHIO,TRUMBULL,314.0
39157,OHIO,TUSCARAWAS,91.0
39165,OHIO,WARREN,290.0
39167,OHIO,WASHINGTON,124.0
39169,OHIO,WAYNE,120.0
39171,,Williams,626.0
39173,OHIO,WOOD,149.0
39175,OHIO,WYANDOT,18.0
40001,OKLAHOMA,ADAIR,0.0
40003,OKLAHOMA,ALFALFA,14.0
40005,OKLAHOMA,ATOKA,65.0
40007,OKLAHOMA,BEAVER,16.0
40009,OKLAHOMA,BECKHAM,122.0
40011,OKLAHOMA,BLAINE,37.0
40013,OKLAHOMA,BRYAN,137.0
40015,OKLAHOMA,CADDO,211.0
40017,OKLAHOMA,CANADIAN,214.0
40019,OKLAHOMA,CARTER,186.0
40021,OKLAHOMA,CHEROKEE,152.0
40023,OKLAHOMA,CHOCTAW,0.0
40025,OKLAHOMA,CIMARRON,12.0
40027,OKLAHOMA,CLEVELAND,574.0
40029,OKLAHOMA,COAL,16.0
40031,OKLAHOMA,COMANCHE,353.0
40033,OKLAHOMA,COTTON,30.0
40035,OKLAHOMA,CRAIG,108.0
40037,OKLAHOMA,CREEK,373.0
40039,OKLAHOMA,CUSTER,196.0
40041,OKLAHOMA,DELAWARE,64.0
40043,OKLAHOMA,DEWEY,38.0
40045,OKLAHOMA,ELLIS,18.0
40047,OKLAHOMA,GARFIELD,198.0
40049,OKLAHOMA,GARVIN,72.0
40051,OKLAHOMA,GRADY,0.0
40053,OKLAHOMA,GRANT,32.0
40055,OKLAHOMA,GREER,0.0
40057,OKLAHOMA,HARMON,11.0
40059,OKLAHOMA,HARPER,14.0
40061,OKLAHOMA,HASKELL,109.0
40063,OKLAHOMA,HUGHES,37.0
40065,OKLAHOMA,JACKSON,0.0
40067,OKLAHOMA,JEFFERSON,126.0
40069,OKLAHOMA,JOHNSTON,62.0
40071,OKLAHOMA,KAY,20.0
40073,OKLAHOMA,KINGFISHER,40.0
40075,OKLAHOMA,KIOWA,30.0
40077,OKLAHOMA,LATIMER,20.0
40079,OKLAHOMA,LE FLORE,186.0
40081,OKLAHOMA,LINCOLN,85.0
40083,OKLAHOMA,LOGAN,201.0
40085,OKLAHOMA,LOVE,30.0
40087,OKLAHOMA,MCCLAIN,40.0
40089,OKLAHOMA,MCCURTAIN,182.0
40091,OKLAHOMA,MCINTOSH,7.0
40093,OKLAHOMA,MAJOR,21.0
40095,OKLAHOMA,MARSHALL,63.0
40097,OKLAHOMA,MAYES,0.0
40099,OKLAHOMA,MURRAY,34.0
40101,OKLAHOMA,MUSKOGEE,497.0
40103,OKLAHOMA,NOBLE,47.0
40105,OKLAHOMA,NOWATA,67.0
40107,OKLAHOMA,OKFUSKEE,34.0
40109,OKLAHOMA,OKLAHOMA,70.0
40111,OKLAHOMA,OKMULGEE,228.0
40113,OKLAHOMA,OSAGE,0.0
40115,OKLAHOMA,OTTAWA,124.0
40117,OKLAHOMA,PAWNEE,92.0
40119,OKLAHOMA,PAYNE,404.0
40121,OKLAHOMA,PITTSBURG,0.0
40123,OKLAHOMA,PONTOTOC,0.0
40125,OKLAHOMA,POTTAWATOMIE,366.0
40127,OKLAHOMA,PUSHMATAHA,63.0
40129,OKLAHOMA,ROGER MILLS,28.0
40131,OKLAHOMA,ROGERS,250.0
40133,OKLAHOMA,SEMINOLE,169.0
40135,OKLAHOMA,SEQUOYAH,132.0
40137,OKLAHOMA,STEPHENS,164.0
40139,OKLAHOMA,TEXAS,96.0
40141,OKLAHOMA,TILLMAN,68.0
40143,OKLAHOMA,TULSA,1746.0
40145,OKLAHOMA,WAGONER,152.0
40147,OKLAHOMA,WASHINGTON,260.0
40149,OKLAHOMA,WASHITA,138.0
40151,OKLAHOMA,WOODS,15.0
40153,OKLAHOMA,WOODWARD,147.0
41001,OREGON,BAKER,45.0
41003,OREGON,BENTON,40.0
41005,OREGON,CLACKAMAS,600.0
41007,OREGON,CLATSOP,60.0
41009,OREGON,COLUMBIA,255.0
41011,OREGON,COOS,246.0
41013,OREGON,CROOK,16.0
41015,OREGON,CURRY,50.0
41017,OREGON,DESCHUTES,318.0
41019,OREGON,DOUGLAS,294.0
41023,OREGON,GRANT,41.0
41025,OREGON,HARNEY,23.0
41029,OREGON,JACKSON,230.0
41031,OREGON,JEFFERSON,160.0
41033,OREGON,JOSEPHINE,262.0
41035,OREGON,KLAMATH,152.0
41037,OREGON,LAKE,17.0
41039,OREGON,LANE,386.0
41041,OREGON,LINCOLN,161.0
41043,OREGON,LINN,230.0
41045,OREGON,MALHEUR,0.0
41047,OREGON,MARION,559.0
41051,OREGON,MULTNOMAH,1467.0
41053,OREGON,POLK,204.0
41057,OREGON,TILLAMOOK,92.0
41059,OREGON,UMATILLA,252.0
41061,OREGON,UNION,37.0
41065,,Wasco,100.0
41067,OREGON,WASHINGTON,572.0
41071,OREGON,YAMHILL,259.0
42001,PENNSYLVANIA,ADAMS,265.0
42003,PENNSYLVANIA,ALLEGHENY,774.0
42005,PENNSYLVANIA,ARMSTRONG,158.0
42007,PENNSYLVANIA,BEAVER,0.0
42009,PENNSYLVANIA,BEDFORD,169.0
42011,PENNSYLVANIA,BERKS,1544.0
42013,PENNSYLVANIA,BLAIR,350.0
42015,PENNSYLVANIA,BRADFORD,207.0
42017,PENNSYLVANIA,BUCKS,987.0
42019,PENNSYLVANIA,BUTLER,564.0
42021,PENNSYLVANIA,CAMBRIA,493.0
42025,PENNSYLVANIA,CARBON,195.0
42027,PENNSYLVANIA,CENTRE,349.0
42029,PENNSYLVANIA,CHESTER,1119.0
42031,PENNSYLVANIA,CLARION,120.0
42033,PENNSYLVANIA,CLEARFIELD,139.0
42035,PENNSYLVANIA,CLINTON,320.0
42037,PENNSYLVANIA,COLUMBIA,250.0
42039,PENNSYLVANIA,CRAWFORD,282.0
42041,PENNSYLVANIA,CUMBERLAND,720.0
42043,PENNSYLVANIA,DAUPHIN,814.0
42045,,Delaware,1883.0
42047,PENNSYLVANIA,ELK,77.0
42049,PENNSYLVANIA,ERIE,901.0
42051,PENNSYLVANIA,FAYETTE,262.0
42055,PENNSYLVANIA,FRANKLIN,496.0
42059,PENNSYLVANIA,GREENE,196.0
42061,PENNSYLVANIA,HUNTINGDON,46.0
42063,PENNSYLVANIA,INDIANA,256.0
42065,PENNSYLVANIA,JEFFERSON,157.0
42069,PENNSYLVANIA,LACKAWANNA,1186.0
42071,PENNSYLVANIA,LANCASTER,1079.0
42073,PENNSYLVANIA,LAWRENCE,287.0
42075,PENNSYLVANIA,LEBANON,516.0
42077,PENNSYLVANIA,LEHIGH,1754.0
42079,PENNSYLVANIA,LUZERNE,0.0
42081,PENNSYLVANIA,LYCOMING,392.0
42083,PENNSYLVANIA,MCKEAN,111.0
42085,PENNSYLVANIA,MERCER,250.0
42087,PENNSYLVANIA,MIFFLIN,185.0
42089,PENNSYLVANIA,MONROE,409.0
42091,PENNSYLVANIA,MONTGOMERY,2080.0
42093,PENNSYLVANIA,MONTOUR,46.0
42095,PENNSYLVANIA,NORTHAMPTON,910.0
42097,PENNSYLVANIA,NORTHUMBERLAND,311.0
42099,PENNSYLVANIA,PERRY,136.0
42101,PENNSYLVANIA,PHILADELPHIA,8685.0
42103,PENNSYLVANIA,PIKE,375.0
42105,PENNSYLVANIA,POTTER,73.0
42107,PENNSYLVANIA,SCHUYLKILL,277.0
42109,PENNSYLVANIA,SNYDER,138.0
42111,PENNSYLVANIA,SOMERSET,138.0
42115,PENNSYLVANIA,SUSQUEHANNA,111.0
42117,PENNSYLVANIA,TIOGA,141.0
42119,PENNSYLVANIA,UNION COUNTY,35.0
42121,PENNSYLVANIA,VENANGO,174.0
42123,PENNSYLVANIA,WARREN,139.0
42125,PENNSYLVANIA,WASHINGTON,390.0
42127,PENNSYLVANIA,WAYNE,201.0
42129,PENNSYLVANIA,WESTMORELAND,701.0
42131,PENNSYLVANIA,WYOMING,78.0
42133,PENNSYLVANIA,YORK,2668.0
45001,SOUTH CAROLINA,ABBEVILLE,129.0
45003,SOUTH CAROLINA,AIKEN,317.0
45005,SOUTH CAROLINA,ALLENDALE,2.0
45007,SOUTH CAROLINA,ANDERSON,392.0
45009,SOUTH CAROLINA,BAMBERG,66.0
45011,SOUTH CAROLINA,BARNWELL,94.0
45013,SOUTH CAROLINA,BEAUFORT,255.0
45015,SOUTH CAROLINA,BERKELEY,365.0
45019,SOUTH CAROLINA,CHARLESTON,1917.0
45021,SOUTH CAROLINA,CHEROKEE,150.0
45023,SOUTH CAROLINA,CHESTER,66.0
45025,SOUTH CAROLINA,CHESTERFIELD,152.0
45027,SOUTH CAROLINA,CLARENDON,152.0
45029,SOUTH CAROLINA,COLLETON,102.0
45031,SOUTH CAROLINA,DARLINGTON,200.0
45033,SOUTH CAROLINA,DILLON,200.0
45035,SOUTH CAROLINA,DORCHESTER,156.0
45037,SOUTH CAROLINA,EDGEFIELD,65.0
45039,SOUTH CAROLINA,FAIRFIELD,70.0
45041,SOUTH CAROLINA,FLORENCE,522.0
45043,SOUTH CAROLINA,GEORGETOWN,212.0
45045,SOUTH CAROLINA,GREENVILLE,1277.0
45047,SOUTH CAROLINA,GREENWOOD,203.0
45049,SOUTH CAROLINA,HAMPTON,38.0
45051,SOUTH CAROLINA,HORRY,1034.0
45053,SOUTH CAROLINA,JASPER,136.0
45055,SOUTH CAROLINA,KERSHAW,89.0
45057,SOUTH CAROLINA,LANCASTER,121.0
45059,SOUTH CAROLINA,LAURENS,272.0
45063,SOUTH CAROLINA,LEXINGTON,680.0
45065,SOUTH CAROLINA,MCCORMICK,35.0
45067,SOUTH CAROLINA,MARION,100.0
45069,SOUTH CAROLINA,MARLBORO,94.0
45071,SOUTH CAROLINA,NEWBERRY,135.0
45073,SOUTH CAROLINA,OCONEE,122.0
45075,,Orangeburg,344.0
45077,SOUTH CAROLINA,PICKENS,205.0
45079,SOUTH CAROLINA,RICHLAND,1123.0
45081,SOUTH CAROLINA,SALUDA,70.0
45083,SOUTH CAROLINA,SPARTANBURG,496.0
45085,,Sumter,352.0
45087,SOUTH CAROLINA,UNION,88.0
45089,SOUTH CAROLINA,WILLIAMSBURG,0.0
45091,SOUTH CAROLINA,YORK,821.0
46005,SOUTH DAKOTA,BEADLE,62.0
46009,SOUTH DAKOTA,BON HOMME,6.0
46011,SOUTH DAKOTA,BROOKINGS,54.0
46013,SOUTH DAKOTA,BROWN,48.0
46015,SOUTH DAKOTA,BRULE,20.0
46023,SOUTH DAKOTA,CHARLES MIX,60.0
46027,SOUTH DAKOTA,CLAY,20.0
46029,SOUTH DAKOTA,CODINGTON,93.0
46035,SOUTH DAKOTA,DAVISON,73.0
46037,SOUTH DAKOTA,DAY,14.0
46041,SOUTH DAKOTA,DEWEY,12.0
46045,SOUTH DAKOTA,EDMUNDS,13.0
46047,SOUTH DAKOTA,FALL RIVER,28.0
46049,SOUTH DAKOTA,FAULK,16.0
46051,SOUTH DAKOTA,GRANT,16.0
46065,SOUTH DAKOTA,HUGHES,140.0
46079,SOUTH DAKOTA,LAKE,20.0
46081,SOUTH DAKOTA,LAWRENCE,52.0
46091,SOUTH DAKOTA,MARSHALL,6.0
46093,SOUTH DAKOTA,MEADE,80.0
46099,SOUTH DAKOTA,MINNEHAHA,620.0
46103,,Pennington,587.0
46109,SOUTH DAKOTA,ROBERTS,72.0
46123,SOUTH DAKOTA,TRIPP,110.0
46127,SOUTH DAKOTA,UNION,40.0
46129,SOUTH DAKOTA,WALWORTH,32.0
46135,SOUTH DAKOTA,YANKTON,130.0
47001,TENNESSEE,ANDERSON,353.0
47003,TENNESSEE,BEDFORD,216.0
47005,TENNESSEE,BENTON,133.0
47007,TENNESSEE,BLEDSOE,96.0
47009,TENNESSEE,BLOUNT,350.0
47011,TENNESSEE,BRADLEY,408.0
47013,TENNESSEE,CAMPBELL,90.0
47015,TENNESSEE,CANNON,41.0
47017,TENNESSEE,CARROLL,122.0
47019,TENNESSEE,CARTER,0.0
47021,TENNESSEE,CHEATHAM,116.0
47023,TENNESSEE,CHESTER,77.0
47025,TENNESSEE,CLAIBORNE,198.0
47027,TENNESSEE,CLAY,22.0
47029,TENNESSEE,COCKE,143.0
47031,TENNESSEE,COFFEE,0.0
47033,TENNESSEE,CROCKETT,64.0
47035,TENNESSEE,CUMBERLAND,224.0
47037,TENNESSEE,DAVIDSON,1374.0
47039,TENNESSEE,DECATUR,59.0
47041,TENNESSEE,DE KALB,102.0
47043,TENNESSEE,DICKSON,399.0
47045,TENNESSEE,DYER,184.0
47047,TENNESSEE,FAYETTE,189.0
47049,TENNESSEE,FENTRESS,25.0
47051,TENNESSEE,FRANKLIN,114.0
47053,TENNESSEE,GIBSON,230.0
47055,TENNESSEE,GILES,126.0
47057,TENNESSEE,GRAINGER,108.0
47059,TENNESSEE,GREENE,434.0
47061,TENNESSEE,GRUNDY,26.0
47063,TENNESSEE,HAMBLEN,270.0
47065,TENNESSEE,HAMILTON,1567.0
47067,TENNESSEE,HANCOCK,100.0
47069,TENNESSEE,HARDEMAN,179.0
47071,TENNESSEE,HARDIN,0.0
47073,TENNESSEE,HAWKINS,266.0
47075,TENNESSEE,HAYWOOD,200.0
47077,TENNESSEE,HENDERSON,216.0
47079,TENNESSEE,HENRY,204.0
47081,TENNESSEE,HICKMAN,107.0
47083,TENNESSEE,HOUSTON,32.0
47085,TENNESSEE,HUMPHREYS,64.0
47087,TENNESSEE,JACKSON,112.0
47089,TENNESSEE,JEFFERSON,238.0
47091,TENNESSEE,JOHNSON,114.0
47093,TENNESSEE,KNOX,1341.0
47095,TENNESSEE,LAKE,0.0
47097,TENNESSEE,LAUDERDALE,144.0
47099,TENNESSEE,LAWRENCE,261.0
47101,TENNESSEE,LEWIS,0.0
47103,TENNESSEE,LINCOLN,116.0
47105,TENNESSEE,LOUDON,96.0
47107,TENNESSEE,MCMINN,257.0
47109,TENNESSEE,MCNAIRY,94.0
47111,TENNESSEE,MACON,125.0
47113,TENNESSEE,MADISON,473.0
47115,TENNESSEE,MARION,131.0
47117,TENNESSEE,MARSHALL,284.0
47119,TENNESSEE,MAURY,386.0
47121,TENNESSEE,MEIGS,59.0
47123,TENNESSEE,MONROE,138.0
47125,TENNESSEE,MONTGOMERY,880.0
47127,TENNESSEE,MOORE,28.0
47129,TENNESSEE,MORGAN,46.0
47131,TENNESSEE,OBION,159.0
47133,TENNESSEE,OVERTON,143.0
47135,TENNESSEE,PERRY,58.0
47137,TENNESSEE,PICKETT,0.0
47139,TENNESSEE,POLK,154.0
47141,TENNESSEE,PUTNAM,252.0
47143,TENNESSEE,RHEA,87.0
47145,TENNESSEE,ROANE,172.0
47147,TENNESSEE,ROBERTSON,588.0
47149,TENNESSEE,RUTHERFORD,1214.0
47151,TENNESSEE,SCOTT,140.0
47153,TENNESSEE,SEQUATCHIE,97.0
47155,TENNESSEE,SEVIER,442.0
47157,TENNESSEE,SHELBY,6714.0
47159,TENNESSEE,SMITH,128.0
47161,TENNESSEE,STEWART,18.0
47163,TENNESSEE,SULLIVAN,623.0
47165,TENNESSEE,SUMNER,847.0
47167,TENNESSEE,TIPTON,722.0
47169,,Trousdale,44.0
47171,TENNESSEE,UNICOI,100.0
47173,TENNESSEE,UNION,76.0
47175,TENNESSEE,VAN BUREN,24.0
47177,TENNESSEE,WARREN,254.0
47179,TENNESSEE,WASHINGTON,708.0
47181,TENNESSEE,WAYNE,145.0
47183,TENNESSEE,WEAKLEY,129.0
47185,TENNESSEE,WHITE,165.0
47187,TENNESSEE,WILLIAMSON,454.0
47189,TENNESSEE,WILSON,462.0
48001,TEXAS,ANDERSON,0.0
48003,TEXAS,ANDREWS,50.0
48005,TEXAS,ANGELINA,279.0
48007,TEXAS,ARANSAS,213.0
48009,TEXAS,ARCHER,50.0
48011,TEXAS,ARMSTRONG,8.0
48013,TEXAS,ATASCOSA,138.0
48015,TEXAS,AUSTIN,87.0
48017,TEXAS,BAILEY,96.0
48019,TEXAS,BANDERA,96.0
48021,TEXAS,BASTROP,400.0
48025,TEXAS,BEE,128.0
48027,TEXAS,BELL,817.0
48029,TEXAS,BEXAR,4563.0
48031,TEXAS,BLANCO,49.0
48035,TEXAS,BOSQUE,35.0
48037,TEXAS,BOWIE,921.0
48039,TEXAS,BRAZORIA,1165.0
48041,TEXAS,BRAZOS,1087.0
48043,TEXAS,BREWSTER,56.0
48047,TEXAS,BROOKS,674.0
48049,TEXAS,BROWN,196.0
48051,TEXAS,BURLESON,96.0
48053,TEXAS,BURNET,0.0
48055,TEXAS,CALDWELL,301.0
48057,TEXAS,CALHOUN,49.0
48059,TEXAS,CALLAHAN,10.0
48061,TEXAS,CAMERON,1008.0
48063,TEXAS,CAMP,34.0
48065,TEXAS,CARSON,48.0
48067,TEXAS,CASS,96.0
48069,TEXAS,CASTRO,0.0
48071,TEXAS,CHAMBERS,148.0
48073,TEXAS,CHEROKEE,0.0
48075,TEXAS,CHILDRESS,96.0
48077,TEXAS,CLAY,38.0
48079,TEXAS,COCHRAN,13.0
48083,TEXAS,COLEMAN,15.0
48085,TEXAS,COLLIN,1298.0
48087,TEXAS,COLLINGSWORTH,17.0
48089,TEXAS,COLORADO,99.0
48091,TEXAS,COMAL,337.0
48093,TEXAS,COMANCHE,144.0
48097,TEXAS,COOKE,0.0
48099,TEXAS,CORYELL,92.0
48103,TEXAS,CRANE,24.0
48107,TEXAS,CROSBY,11.0
48109,TEXAS,CULBERSON,17.0
48111,,Dallam,51.0
48113,TEXAS,DALLAS,7645.0
48115,TEXAS,DAWSON,54.0
48117,TEXAS,DEAF SMITH,93.0
48119,TEXAS,DELTA,20.0
48121,TEXAS,DENTON,1400.0
48123,TEXAS,DE WITT,161.0
48125,TEXAS,DICKENS,8.0
48127,TEXAS,DIMMIT,95.0
48129,TEXAS,DONLEY,20.0
48131,TEXAS,DUVAL,33.0
48133,TEXAS,EASTLAND,0.0
48135,TEXAS,ECTOR,667.0
48137,TEXAS,EDWARDS,24.0
48139,TEXAS,ELLIS,856.0
48141,TEXAS,EL PASO,2454.0
48143,TEXAS,ERATH,144.0
48145,,Falls,107.0
48147,TEXAS,FANNIN,528.0
48149,TEXAS,FAYETTE,45.0
48151,TEXAS,FISHER,15.0
48157,TEXAS,FORT BEND,1778.0
48159,TEXAS,FRANKLIN,112.0
48161,TEXAS,FREESTONE,23.0
48165,TEXAS,GAINES,32.0
48167,TEXAS,GALVESTON,1183.0
48169,TEXAS,GARZA,96.0
48171,TEXAS,GILLESPIE,15.0
48175,TEXAS,GOLIAD,48.0
48177,TEXAS,GONZALES,96.0
48179,TEXAS,GRAY,78.0
48181,TEXAS,GRAYSON,480.0
48183,TEXAS,GREGG,916.0
48185,TEXAS,GRIMES,111.0
48187,TEXAS,GUADALUPE,599.0
48189,TEXAS,HALE,194.0
48191,TEXAS,HALL,9.0
48193,TEXAS,HAMILTON,24.0
48195,TEXAS,HANSFORD,9.0
48197,TEXAS,HARDEMAN,11.0
48199,TEXAS,HARDIN,196.0
48201,TEXAS,HARRIS,9499.0
48203,TEXAS,HARRISON,350.0
48207,,Haskell,555.0
48209,TEXAS,HAYS,362.0
48211,TEXAS,HEMPHILL,18.0
48213,TEXAS,HENDERSON,509.0
48215,TEXAS,HIDALGO,1232.0
48217,TEXAS,HILL,203.0
48219,TEXAS,HOCKLEY,64.0
48221,TEXAS,HOOD,192.0
48223,TEXAS,HOPKINS,100.0
48225,TEXAS,HOUSTON,144.0
48227,TEXAS,HOWARD,86.0
48229,TEXAS,HUDSPETH,119.0
48231,TEXAS,HUNT,389.0
48233,TEXAS,HUTCHINSON,70.0
48237,TEXAS,JACK,108.0
48239,TEXAS,JACKSON,77.0
48241,TEXAS,JASPER,144.0
48245,TEXAS,JEFFERSON,1590.0
48247,TEXAS,JIM HOGG,0.0
48249,TEXAS,JIM WELLS,90.0
48251,TEXAS,JOHNSON,871.0
48253,TEXAS,JONES,96.0
48255,TEXAS,KARNES,0.0
48257,TEXAS,KAUFMAN,535.0
48259,TEXAS,KENDALL,54.0
48265,TEXAS,KERR,192.0
48267,TEXAS,KIMBLE,18.0
48271,TEXAS,KINNEY,28.0
48273,TEXAS,KLEBERG,0.0
48275,TEXAS,KNOX,14.0
48277,TEXAS,LAMAR,196.0
48279,TEXAS,LAMB,54.0
48281,TEXAS,LAMPASAS,37.0
48285,TEXAS,LAVACA,48.0
48287,TEXAS,LEE,106.0
48289,TEXAS,LEON,53.0
48291,,Liberty,285.0
48293,TEXAS,LIMESTONE,213.0
48295,TEXAS,LIPSCOMB,13.0
48297,TEXAS,LIVE OAK,96.0
48299,TEXAS,LLANO,54.0
48303,TEXAS,LUBBOCK,1512.0
48305,TEXAS,LYNN,54.0
48307,TEXAS,MCCULLOCH,22.0
48309,TEXAS,MCLENNAN,1757.0
48313,TEXAS,MADISON,51.0
48315,TEXAS,MARION,36.0
48317,TEXAS,MARTIN,16.0
48319,TEXAS,MASON,5.0
48321,TEXAS,MATAGORDA,192.0
48323,TEXAS,MAVERICK,250.0
48325,TEXAS,MEDINA,96.0
48327,TEXAS,MENARD,8.0
48329,TEXAS,MIDLAND,500.0
48331,TEXAS,MILAM,160.0
48333,TEXAS,MILLS,4.0
48335,TEXAS,MITCHELL,72.0
48337,TEXAS,MONTAGUE,101.0
48339,TEXAS,MONTGOMERY,1253.0
48341,TEXAS,MOORE,62.0
48343,TEXAS,MORRIS,48.0
48347,TEXAS,NACOGDOCHES,210.0
48349,TEXAS,NAVARRO,290.0
48351,TEXAS,NEWTON,8.0
48353,TEXAS,NOLAN,54.0
48355,TEXAS,NUECES,1262.0
48357,TEXAS,OCHILTREE,32.0
48359,TEXAS,OLDHAM,10.0
48361,TEXAS,ORANGE,326.0
48363,TEXAS,PALO PINTO,142.0
48365,TEXAS,PANOLA,160.0
48367,TEXAS,PARKER,449.0
48369,TEXAS,PARMER,45.0
48371,TEXAS,PECOS,48.0
48373,TEXAS,POLK,1421.0
48375,TEXAS,POTTER,603.0
48377,TEXAS,PRESIDIO,103.0
48379,TEXAS,RAINS,47.0
48381,TEXAS,RANDALL,454.0
48387,TEXAS,RED RIVER,95.0
48389,TEXAS,REEVES,84.0
48391,TEXAS,REFUGIO,60.0
48395,TEXAS,ROBERTSON,53.0
48397,TEXAS,ROCKWALL,0.0
48399,TEXAS,RUNNELS,84.0
48401,TEXAS,RUSK,292.0
48403,TEXAS,SABINE,17.0
48405,TEXAS,SAN AUGUSTINE,34.0
48407,TEXAS,SAN JACINTO,8.0
48409,TEXAS,SAN PATRICIO,236.0
48411,TEXAS,SAN SABA,8.0
48413,TEXAS,SCHLEICHER,10.0
48415,TEXAS,SCURRY,144.0
48417,TEXAS,SHACKELFORD,20.0
48419,TEXAS,SHELBY,66.0
48421,TEXAS,SHERMAN,13.0
48423,TEXAS,SMITH,0.0
48425,TEXAS,SOMERVELL,57.0
48427,TEXAS,STARR,220.0
48429,TEXAS,STEPHENS,0.0
48433,TEXAS,STONEWALL,10.0
48435,TEXAS,SUTTON,28.0
48437,TEXAS,SWISHER,22.0
48439,TEXAS,TARRANT,4667.0
48441,TEXAS,TAYLOR,826.0
48443,TEXAS,TERRELL,2.0
48445,TEXAS,TERRY,174.0
48449,TEXAS,TITUS,182.0
48451,TEXAS,TOM GREEN,449.0
48453,TEXAS,TRAVIS,3167.0
48455,TEXAS,TRINITY,7.0
48457,TEXAS,TYLER,43.0
48459,TEXAS,UPSHUR,0.0
48461,TEXAS,UPTON,54.0
48463,TEXAS,UVALDE,214.0
48465,,Val Verde,1440.0
48467,TEXAS,VAN ZANDT,160.0
48469,TEXAS,VICTORIA,532.0
48471,TEXAS,WALKER,192.0
48473,TEXAS,WALLER,110.0
48475,TEXAS,WARD,68.0
48477,TEXAS,WASHINGTON,178.0
48479,TEXAS,WEBB,455.0
48481,TEXAS,WHARTON,144.0
48483,TEXAS,WHEELER,9.0
48485,TEXAS,WICHITA,624.0
48487,TEXAS,WILBARGER,0.0
48489,TEXAS,WILLACY,84.0
48491,TEXAS,WILLIAMSON,1104.0
48493,TEXAS,WILSON,0.0
48495,TEXAS,WINKLER,101.0
48497,TEXAS,WISE,338.0
48499,TEXAS,WOOD,157.0
48501,TEXAS,YOAKUM,48.0
48503,TEXAS,YOUNG,144.0
48505,TEXAS,ZAPATA,240.0
48507,TEXAS,ZAVALA,66.0
49001,UTAH,BEAVER,400.0
49003,UTAH,BOX ELDER,164.0
49005,UTAH,CACHE,370.0
49007,UTAH,CARBON,80.0
49009,UTAH,DAGGETT,86.0
49011,UTAH,DAVIS,910.0
49013,UTAH,DUCHESNE,177.0
49015,UTAH,EMERY,88.0
49017,UTAH,GARFIELD,113.0
49019,UTAH,GRAND,62.0
49021,UTAH,IRON,262.0
49023,UTAH,JUAB,60.0
49025,UTAH,KANE,191.0
49027,UTAH,MILLARD,0.0
49033,UTAH,RICH,7.0
49035,UTAH,SALT LAKE,2184.0
49037,UTAH,SAN JUAN,98.0
49039,UTAH,SANPETE,128.0
49041,UTAH,SEVIER,146.0
49043,UTAH,SUMMIT,100.0
49045,UTAH,TOOELE,264.0
49047,UTAH,UINTAH,384.0
49049,UTAH,UTAH,1092.0
49051,UTAH,WASATCH,88.0
49053,UTAH,WASHINGTON,502.0
49057,UTAH,WEBER,0.0
51001,VIRGINIA,ACCOMACK,48.0
51003,,Albemarle,322.0
51005,VIRGINIA,ALLEGHANY,0.0
51009,,Amherst,769.0
51013,VIRGINIA,ARLINGTON,509.0
51015,,Augusta,396.0
51019,,Bedford,55.0
51023,VIRGINIA,BOTETOURT,124.0
51025,,Brunswick,468.0
51031,,Campbell,79.0
51033,,Caroline,336.0
51037,VIRGINIA,CHARLOTTE,29.0
51041,VIRGINIA,CHESTERFIELD,250.0
51047,VIRGINIA,CULPEPER,37.0
51051,,Dickenson,160.0
51059,VIRGINIA,FAIRFAX,1578.0
51061,VIRGINIA,FAUQUIER,56.0
51067,VIRGINIA,FRANKLIN,49.0
51069,,Frederick,556.0
51073,VIRGINIA,GLOUCESTER,109.0
51083,,Halifax,147.0
51085,,Hanover,495.0
51087,VIRGINIA,HENRICO,986.0
51089,VIRGINIA,HENRY,67.0
51095,,James City,290.0
51103,VIRGINIA,LANCASTER,27.0
51107,VIRGINIA,LOUDOUN,460.0
51119,,Middlesex,121.0
51121,VIRGINIA,MONTGOMERY,60.0
51131,,Northampton,148.0
51137,,Orange,412.0
51139,VIRGINIA,PAGE,34.0
51141,VIRGINIA,PATRICK,63.0
51143,VIRGINIA,PITTSYLVANIA,36.0
51147,,Prince Edward,725.0
51149,,Prince George,1372.0
51153,,Prince William,667.0
51155,,Pulaski,972.0
51157,VIRGINIA,RAPPAHANNOCK,8.0
51159,,Richmond,450.0
51161,VIRGINIA,Roanoke,713.0
51163,,Rockbridge,56.0
51165,VIRGINIA,ROCKINGHAM,208.0
51169,,Scott,278.0
51171,VIRGINIA,SHENANDOAH,55.0
51175,VIRGINIA,SOUTHAMPTON,122.0
51183,VIRGINIA,SUSSEX,28.0
51187,VIRGINIA,WARREN,81.0
51191,,Washington,454.0
51510,VIRGINIA,ALEXANDRIA (CITY),340.0
51520,VIRGINIA,BRISTOL (CITY),67.0
51550,VIRGINIA,CHESAPEAKE (CITY),1355.0
51590,VIRGINIA,DANVILLE (CITY),333.0
51595,VIRGINIA,EMPORIA (CITY),0.0
51630,VIRGINIA,FREDERICKSBURG (CITY),0.0
51650,VIRGINIA,HAMPTON (CITY),468.0
51690,VIRGINIA,MARTINSVILLE (CITY),131.0
51700,VIRGINIA,NEWPORT NEWS (CITY),437.0
51710,VIRGINIA,NORFOLK (CITY),833.0
51730,VIRGINIA,PETERSBURG (CITY),254.0
51740,VIRGINIA,PORTSMOUTH (CITY),288.0
51760,VIRGINIA,RICHMOND (CITY),854.0
51770,VIRGINIA,ROANOKE (CITY),409.0
51800,,Suffolk City,552.0
51810,VIRGINIA,VIRGINIA BEACH (CITY),889.0
53001,WASHINGTON,ADAMS,28.0
53003,WASHINGTON,ASOTIN,60.0
53005,WASHINGTON,BENTON,682.0
53007,,Chelan,321.0
53009,WASHINGTON,CLALLAM,160.0
53011,WASHINGTON,CLARK,1015.0
53013,WASHINGTON,COLUMBIA,11.0
53015,WASHINGTON,COWLITZ,256.0
53019,WASHINGTON,FERRY,45.0
53021,WASHINGTON,FRANKLIN,227.0
53023,WASHINGTON,GARFIELD,16.0
53025,WASHINGTON,GRANT,185.0
53027,WASHINGTON,GRAYS HARBOR,222.0
53029,WASHINGTON,ISLAND,75.0
53031,WASHINGTON,JEFFERSON,49.0
53033,WASHINGTON,KING,4198.0
53035,WASHINGTON,KITSAP,573.0
53037,WASHINGTON,KITTITAS,235.0
53039,WASHINGTON,KLICKITAT,49.0
53041,WASHINGTON,LEWIS,356.0
53043,WASHINGTON,LINCOLN,25.0
53045,WASHINGTON,MASON,104.0
53047,WASHINGTON,OKANOGAN,183.0
53049,WASHINGTON,PACIFIC,40.0
53051,WASHINGTON,PEND OREILLE,28.0
53053,WASHINGTON,PIERCE,88.0
53057,WASHINGTON,SKAGIT,170.0
53059,WASHINGTON,SKAMANIA,76.0
53061,WASHINGTON,SNOHOMISH,1424.0
53063,WASHINGTON,SPOKANE,1062.0
53065,WASHINGTON,STEVENS,40.0
53067,WASHINGTON,THURSTON,436.0
53069,WASHINGTON,WAHKIAKUM,12.0
53071,WASHINGTON,WALLA WALLA,115.0
53073,WASHINGTON,WHATCOM,298.0
53075,WASHINGTON,WHITMAN,46.0
53077,WASHINGTON,YAKIMA,1305.0
54003,,Berkeley,300.0
54007,,Braxton,330.0
54011,,Cabell,593.0
54017,,Doddridge,400.0
54027,,Hampshire,320.0
54039,,Kanawha,452.0
54045,,Logan,400.0
54051,,Marshall,292.0
54055,WEST VIRGINIA,MERCER,12.0
54081,,Raleigh,462.0
54083,,Randolph,380.0
55001,WISCONSIN,ADAMS,112.0
55003,WISCONSIN,ASHLAND,0.0
55005,WISCONSIN,BARRON,192.0
55007,WISCONSIN,BAYFIELD,80.0
55009,WISCONSIN,BROWN,755.0
55011,WISCONSIN,BUFFALO,26.0
55013,WISCONSIN,BURNETT,26.0
55015,WISCONSIN,CALUMET,54.0
55017,WISCONSIN,CHIPPEWA,201.0
55019,WISCONSIN,CLARK,126.0
55021,WISCONSIN,COLUMBIA,240.0
55023,WISCONSIN,CRAWFORD,40.0
55025,WISCONSIN,DANE,949.0
55027,WISCONSIN,DODGE,466.0
55029,WISCONSIN,DOOR,143.0
55031,WISCONSIN,DOUGLAS,0.0
55033,WISCONSIN,DUNN,156.0
55035,WISCONSIN,EAU CLAIRE,418.0
55037,WISCONSIN,FLORENCE,28.0
55039,WISCONSIN,FOND DU LAC,325.0
55041,WISCONSIN,FOREST,80.0
55043,WISCONSIN,GRANT,66.0
55045,WISCONSIN,GREEN,68.0
55047,WISCONSIN,GREEN LAKE,108.0
55049,WISCONSIN,IOWA,38.0
55051,WISCONSIN,IRON,36.0
55053,WISCONSIN,JACKSON,60.0
55055,WISCONSIN,JEFFERSON,229.0
55057,WISCONSIN,JUNEAU,152.0
55059,WISCONSIN,KENOSHA,940.0
55061,WISCONSIN,KEWAUNEE,22.0
55063,WISCONSIN,LA CROSSE,217.0
55065,WISCONSIN,LAFAYETTE,27.0
55067,WISCONSIN,LANGLADE,119.0
55069,WISCONSIN,LINCOLN,183.0
55071,WISCONSIN,MANITOWOC,215.0
55073,WISCONSIN,MARATHON,279.0
55075,WISCONSIN,MARINETTE,164.0
55077,WISCONSIN,MARQUETTE,60.0
55079,WISCONSIN,MILWAUKEE,2770.0
55081,WISCONSIN,MONROE,69.0
55083,WISCONSIN,OCONTO,58.0
55085,WISCONSIN,ONEIDA,200.0
55087,WISCONSIN,OUTAGAMIE,528.0
55089,WISCONSIN,OZAUKEE,263.0
55091,WISCONSIN,PEPIN,31.0
55093,WISCONSIN,PIERCE,0.0
55095,WISCONSIN,POLK,148.0
55097,WISCONSIN,PORTAGE,87.0
55099,WISCONSIN,PRICE,22.0
55101,WISCONSIN,RACINE,0.0
55103,WISCONSIN,RICHLAND,46.0
55105,WISCONSIN,ROCK,505.0
55107,WISCONSIN,RUSK,54.0
55109,WISCONSIN,ST CROIX,165.0
55111,WISCONSIN,SAUK,474.0
55113,WISCONSIN,SAWYER,92.0
55115,WISCONSIN,SHAWANO,299.0
55117,WISCONSIN,SHEBOYGAN,295.0
55119,WISCONSIN,TAYLOR,92.0
55121,WISCONSIN,TREMPEALEAU,34.0
55123,WISCONSIN,VERNON,128.0
55125,WISCONSIN,VILAS,134.0
55127,WISCONSIN,WALWORTH,512.0
55129,WISCONSIN,WASHBURN,30.0
55131,WISCONSIN,WASHINGTON,321.0
55133,WISCONSIN,WAUKESHA,795.0
55135,WISCONSIN,WAUPACA,324.0
55137,WISCONSIN,WAUSHARA,127.0
55139,WISCONSIN,WINNEBAGO,355.0
55141,WISCONSIN,WOOD,132.0
56001,WYOMING,ALBANY,68.0
56003,WYOMING,BIG HORN,91.0
56005,WYOMING,CAMPBELL,306.0
56007,WYOMING,CARBON,78.0
56009,WYOMING,CONVERSE,36.0
56011,WYOMING,CROOK,34.0
56013,WYOMING,FREMONT,180.0
56015,WYOMING,GOSHEN,72.0
56017,WYOMING,HOT SPRINGS,32.0
56019,WYOMING,JOHNSON,56.0
56021,WYOMING,LARAMIE,324.0
56023,WYOMING,LINCOLN,40.0
56025,WYOMING,NATRONA,476.0
56027,WYOMING,NIOBRARA,3.0
56029,WYOMING,PARK,114.0
56031,WYOMING,PLATTE,92.0
56033,WYOMING,SHERIDAN,126.0
56035,WYOMING,SUBLETTE,51.0
56037,WYOMING,SWEETWATER,211.0
56039,WYOMING,TETON,45.0
56041,WYOMING,UINTA,72.0
56043,WYOMING,WASHAKIE,52.0
56045,WYOMING,WESTON,24.0
